# pilotoPC runtime log
# columns: t frame moving cam line seg x y z yaw sky track car
EV start assets=c:\saturn\SaturnRingLib-main\Projects\Interlagos_racing\cd\data
EV sky_file=c:\saturn\SaturnRingLib-main\Projects\Interlagos_racing\cd\data\SKY1.TGA sky_load=tga_indexed
EV track_loaded=1 segs=305 err= tex=tbk64_loaded:43/43
EV car_loaded=1 err= tex=nya_rgb555 fix=1
S 0.824712 20 0 1 0 118 5116.41 -221.043 1716.6 179.189 1 1 1
S 1.15877 40 0 1 0 118 5116.41 -221.043 1716.6 179.189 1 1 1
S 1.49246 60 0 1 0 118 5116.41 -221.043 1716.6 179.189 1 1 1
S 1.82627 80 0 1 0 118 5116.41 -221.043 1716.6 179.189 1 1 1
S 2.15961 100 0 1 0 118 5116.41 -221.043 1716.6 179.189 1 1 1
S 2.4934 120 0 1 0 118 5116.41 -221.043 1716.6 179.189 1 1 1
S 2.82675 140 0 1 0 118 5116.41 -221.043 1716.6 179.189 1 1 1
S 3.16009 160 0 1 0 118 5116.41 -221.043 1716.6 179.189 1 1 1
S 3.49342 180 0 1 0 118 5116.41 -221.043 1716.6 179.189 1 1 1
S 3.82756 200 0 1 0 118 5116.41 -221.043 1716.6 179.189 1 1 1
S 4.16186 220 0 1 0 118 5116.41 -221.043 1716.6 179.189 1 1 1
S 4.49624 240 0 1 0 118 5116.41 -221.043 1716.6 179.189 1 1 1
S 4.83255 260 0 1 0 118 5116.41 -221.043 1716.6 179.189 1 1 1
S 5.1663 280 0 1 0 118 5116.41 -221.043 1716.6 179.189 1 1 1
S 5.49968 300 0 1 0 118 5116.41 -221.043 1716.6 179.189 1 1 1
S 5.83489 320 0 1 0 118 5116.41 -221.043 1716.6 179.189 1 1 1
S 6.1691 340 0 1 0 118 5116.41 -221.043 1716.6 179.189 1 1 1
S 6.50246 360 0 1 0 118 5116.41 -221.043 1716.6 179.189 1 1 1
S 6.83647 380 0 1 0 118 5116.41 -221.043 1716.6 179.189 1 1 1
S 7.1704 400 0 1 0 118 5116.41 -221.043 1716.6 179.189 1 1 1
S 7.50402 420 0 1 0 118 5116.41 -221.043 1716.6 179.189 1 1 1
S 7.83736 440 0 1 0 118 5116.41 -221.043 1716.6 179.189 1 1 1
S 8.17119 460 0 1 0 118 5116.41 -221.043 1716.6 179.189 1 1 1
S 8.50555 480 0 1 0 118 5116.41 -221.043 1716.6 179.189 1 1 1
S 8.83923 500 0 1 0 118 5116.41 -221.043 1716.6 179.189 1 1 1
S 9.17278 520 0 1 0 118 5116.41 -221.043 1716.6 179.189 1 1 1
S 9.50612 540 0 1 0 118 5116.41 -221.043 1716.6 179.189 1 1 1
S 9.84001 560 0 1 0 118 5116.41 -221.043 1716.6 179.189 1 1 1
S 10.1737 580 0 1 0 118 5116.41 -221.043 1716.6 179.189 1 1 1
S 10.5077 600 1 1 0 118 5116.56 -221.1 1705.59 179.189 1 1 1
S 10.8416 620 1 1 0 118 5116.82 -221.195 1687.23 179.189 1 1 1
S 11.175 640 1 1 0 118 5117.08 -221.289 1668.89 179.189 1 1 1
S 11.5094 660 1 1 0 118 5117.34 -221.384 1650.5 179.189 1 1 1
S 11.8434 680 1 1 0 118 5117.6 -221.479 1632.13 179.189 1 1 1
S 12.1767 700 1 1 0 118 5117.86 -221.573 1613.8 179.189 1 1 1
S 12.5105 720 1 1 0 118 5118.12 -221.668 1595.45 179.189 1 1 1
S 12.8467 740 1 1 0 118 5118.38 -221.763 1576.96 179.189 1 1 1
S 13.1812 760 1 1 0 118 5118.64 -221.858 1558.56 179.189 1 1 1
S 13.5161 780 1 1 0 118 5118.9 -221.953 1540.15 179.189 1 1 1
S 13.8511 800 1 1 0 118 5119.16 -222.048 1521.73 179.189 1 1 1
S 14.1847 820 1 1 0 118 5119.42 -222.142 1503.38 179.189 1 1 1
S 14.5183 840 1 1 0 118 5119.68 -222.237 1485.03 179.189 1 1 1
S 14.8526 860 1 1 0 118 5119.94 -222.332 1466.65 179.189 1 1 1
S 15.1866 880 1 1 0 118 5120.2 -222.426 1448.28 179.189 1 1 1
S 15.5204 900 1 1 0 119 5120.44 -222.426 1429.92 179.26 1 1 1
S 15.8545 920 1 1 0 119 5120.68 -222.406 1411.55 179.26 1 1 1
S 16.1881 940 1 1 0 119 5120.92 -222.385 1393.2 179.26 1 1 1
S 16.5216 960 1 1 0 119 5121.16 -222.365 1374.86 179.26 1 1 1
S 16.8557 980 1 1 0 119 5121.39 -222.345 1356.48 179.26 1 1 1
S 17.1894 1000 1 1 0 119 5121.63 -222.324 1338.13 179.26 1 1 1
S 17.523 1020 1 1 0 119 5121.87 -222.304 1319.79 179.26 1 1 1
S 17.8564 1040 1 1 0 119 5122.1 -222.284 1301.45 179.26 1 1 1
S 18.1899 1060 1 1 0 119 5122.34 -222.263 1283.11 179.26 1 1 1
S 18.5238 1080 1 1 0 119 5122.58 -222.243 1264.75 179.26 1 1 1
S 18.8578 1100 1 1 0 119 5122.82 -222.222 1246.38 179.26 1 1 1
S 19.1911 1120 1 1 0 119 5123.05 -222.202 1228.05 179.26 1 1 1
S 19.5245 1140 1 1 0 119 5123.29 -222.182 1209.71 179.26 1 1 1
S 19.8589 1160 1 1 0 119 5123.53 -222.161 1191.32 179.26 1 1 1
S 20.1924 1180 1 1 0 120 5123.76 -222.108 1172.98 179.264 1 1 1
S 20.5263 1200 1 1 0 120 5124 -222.011 1154.62 179.264 1 1 1
S 20.8597 1220 1 1 0 120 5124.23 -221.914 1136.29 179.264 1 1 1
S 21.1936 1240 1 1 0 120 5124.47 -221.817 1117.92 179.264 1 1 1
S 21.5285 1260 1 1 0 120 5124.71 -221.72 1099.5 179.264 1 1 1
S 21.8628 1280 1 1 0 120 5124.94 -221.623 1081.13 179.264 1 1 1
S 22.1974 1300 1 1 0 120 5125.18 -221.526 1062.73 179.264 1 1 1
S 22.5312 1320 1 1 0 120 5125.41 -221.43 1044.37 179.264 1 1 1
S 22.8661 1340 1 1 0 120 5125.65 -221.333 1025.94 179.264 1 1 1
S 23.2006 1360 1 1 0 120 5125.89 -221.236 1007.55 179.264 1 1 1
S 23.5343 1380 1 1 0 120 5126.12 -221.139 989.195 179.264 1 1 1
S 23.8688 1400 1 1 0 120 5126.36 -221.042 970.801 179.264 1 1 1
S 24.2022 1420 1 1 0 120 5126.59 -220.945 952.464 179.264 1 1 1
S 24.5371 1440 1 1 0 120 5126.83 -220.848 934.049 179.264 1 1 1
S 24.871 1460 1 1 0 121 5127.07 -220.746 915.684 179.248 1 1 1
S 25.2045 1480 1 1 0 121 5127.31 -220.567 897.346 179.248 1 1 1
S 25.5378 1500 1 1 0 121 5127.55 -220.388 879.013 179.248 1 1 1
S 25.8712 1520 1 1 0 121 5127.79 -220.209 860.682 179.248 1 1 1
S 26.2048 1540 1 1 0 121 5128.03 -220.03 842.335 179.248 1 1 1
S 26.5381 1560 1 1 0 121 5128.27 -219.851 824.003 179.248 1 1 1
S 26.872 1580 1 1 0 121 5128.51 -219.672 805.643 179.248 1 1 1
S 27.2059 1600 1 1 0 121 5128.75 -219.493 787.28 179.248 1 1 1
S 27.5395 1620 1 1 0 121 5128.99 -219.314 768.935 179.248 1 1 1
S 27.8729 1640 1 1 0 121 5129.23 -219.135 750.6 179.248 1 1 1
S 28.2063 1660 1 1 0 121 5129.48 -218.956 732.269 179.248 1 1 1
S 28.5403 1680 1 1 0 121 5129.72 -218.777 713.901 179.248 1 1 1
S 28.8736 1700 1 1 0 121 5129.96 -218.598 695.57 179.248 1 1 1
S 29.2072 1720 1 1 0 121 5130.2 -218.419 677.227 179.248 1 1 1
S 29.5408 1740 1 1 0 121 5130.44 -218.24 658.876 179.248 1 1 1
S 29.8742 1760 1 1 0 122 5130.68 -217.979 640.544 179.255 1 1 1
S 30.2076 1780 1 1 0 122 5130.92 -217.677 622.214 179.255 1 1 1
S 30.5409 1800 1 1 0 122 5131.16 -217.376 603.884 179.255 1 1 1
S 30.8752 1820 1 1 0 122 5131.39 -217.073 585.504 179.255 1 1 1
S 31.2092 1840 1 1 0 122 5131.63 -216.771 567.137 179.255 1 1 1
S 31.5439 1860 1 1 0 122 5131.87 -216.468 548.734 179.255 1 1 1
S 31.8791 1880 1 1 0 122 5132.11 -216.165 530.301 179.255 1 1 1
S 32.2146 1900 1 1 0 122 5132.35 -215.863 511.92 179.255 1 1 1
S 32.5468 1920 1 1 0 122 5132.59 -215.561 493.59 179.255 1 1 1
S 32.8804 1940 1 1 0 122 5132.83 -215.259 475.246 179.255 1 1 1
S 33.2141 1960 1 1 0 122 5133.07 -214.957 456.893 179.255 1 1 1
S 33.5475 1980 1 1 0 122 5133.31 -214.655 438.56 179.255 1 1 1
S 33.882 2000 1 1 0 122 5133.55 -214.353 420.167 179.255 1 1 1
S 34.2156 2020 1 1 0 122 5133.78 -214.051 401.819 179.255 1 1 1
S 34.5496 2040 1 1 0 123 5134.02 -213.737 383.462 179.257 1 1 1
S 34.8842 2060 1 1 0 123 5134.26 -213.405 365.054 179.257 1 1 1
S 35.218 2080 1 1 0 123 5134.5 -213.074 346.702 179.257 1 1 1
S 35.5516 2100 1 1 0 123 5134.74 -212.744 328.36 179.257 1 1 1
S 35.8849 2120 1 1 0 123 5134.98 -212.414 310.031 179.257 1 1 1
S 36.2183 2140 1 1 0 123 5135.21 -212.083 291.697 179.257 1 1 1
S 36.5523 2160 1 1 0 123 5135.45 -211.752 273.331 179.257 1 1 1
S 36.8857 2180 1 1 0 123 5135.69 -211.422 255.002 179.257 1 1 1
S 37.219 2200 1 1 0 123 5135.93 -211.092 236.672 179.257 1 1 1
S 37.5527 2220 1 1 0 123 5136.17 -210.761 218.326 179.257 1 1 1
S 37.8866 2240 1 1 0 123 5136.4 -210.43 199.966 179.257 1 1 1
S 38.2201 2260 1 1 0 123 5136.64 -210.1 181.625 179.257 1 1 1
S 38.5535 2280 1 1 0 123 5136.88 -209.769 163.293 179.257 1 1 1
S 38.8874 2300 1 1 0 123 5137.12 -209.439 144.933 179.257 1 1 1
S 39.2208 2320 1 1 0 123 5137.35 -209.108 126.603 179.257 1 1 1
S 39.5544 2340 1 1 0 124 5137.59 -208.771 108.259 179.255 1 1 1
S 39.8878 2360 1 1 0 124 5137.83 -208.433 89.9296 179.255 1 1 1
S 40.2217 2380 1 1 0 124 5138.07 -208.094 71.5689 179.255 1 1 1
S 40.5551 2400 1 1 0 124 5138.31 -207.756 53.2337 179.255 1 1 1
S 40.8893 2420 1 1 0 124 5138.55 -207.418 34.8591 179.255 1 1 1
S 41.2229 2440 1 1 0 124 5138.79 -207.079 16.5169 179.255 1 1 1
S 41.5566 2460 1 1 0 124 5139.03 -206.741 -1.83099 179.255 1 1 1
S 41.8904 2480 1 1 0 124 5139.26 -206.403 -20.1878 179.255 1 1 1
S 42.2241 2500 1 1 0 124 5139.5 -206.064 -38.5387 179.255 1 1 1
S 42.5575 2520 1 1 0 124 5139.74 -205.726 -56.8688 179.255 1 1 1
S 42.8915 2540 1 1 0 124 5139.98 -205.388 -75.2338 179.255 1 1 1
S 43.2252 2560 1 1 0 124 5140.22 -205.049 -93.5853 179.255 1 1 1
S 43.5592 2580 1 1 0 124 5140.46 -204.711 -111.947 179.255 1 1 1
S 43.893 2600 1 1 0 124 5140.7 -204.372 -130.3 179.255 1 1 1
S 44.2276 2620 1 1 0 125 5140.94 -204.075 -148.697 179.255 1 1 1
S 44.5627 2640 1 1 0 125 5141.18 -203.8 -167.124 179.255 1 1 1
S 44.8972 2660 1 1 0 125 5141.42 -203.526 -185.521 179.255 1 1 1
S 45.2312 2680 1 1 0 125 5141.65 -203.253 -203.87 179.255 1 1 1
S 45.5646 2700 1 1 0 125 5141.89 -202.979 -222.219 179.255 1 1 1
S 45.8996 2720 1 1 0 125 5142.13 -202.705 -240.643 179.255 1 1 1
S 46.2333 2740 1 1 0 125 5142.37 -202.432 -258.994 179.255 1 1 1
S 46.5667 2760 1 1 0 125 5142.61 -202.159 -277.326 179.255 1 1 1
S 46.9007 2780 1 1 0 125 5142.85 -201.885 -295.694 179.255 1 1 1
S 47.235 2800 1 1 0 125 5143.09 -201.611 -314.076 179.255 1 1 1
S 47.5692 2820 1 1 0 125 5143.32 -201.338 -332.453 179.255 1 1 1
S 47.9026 2840 1 1 0 125 5143.56 -201.065 -350.787 179.255 1 1 1
S 48.237 2860 1 1 0 125 5143.8 -200.791 -369.175 179.255 1 1 1
S 48.5703 2880 1 1 0 125 5144.04 -200.518 -387.506 179.255 1 1 1
S 48.904 2900 1 1 0 126 5144.28 -200.235 -405.854 179.255 1 1 1
S 49.2397 2920 1 1 0 126 5144.52 -199.925 -424.313 179.255 1 1 1
S 49.5732 2940 1 1 0 126 5144.76 -199.617 -442.652 179.255 1 1 1
S 49.9072 2960 1 1 0 126 5145 -199.308 -461.02 179.255 1 1 1
S 50.2406 2980 1 1 0 126 5145.23 -199 -479.35 179.255 1 1 1
S 50.5742 3000 1 1 0 126 5145.47 -198.691 -497.692 179.255 1 1 1
S 50.9081 3020 1 1 0 126 5145.71 -198.383 -516.054 179.255 1 1 1
S 51.2431 3040 1 1 0 126 5145.95 -198.073 -534.475 179.255 1 1 1
S 51.577 3060 1 1 0 126 5146.19 -197.764 -552.836 179.255 1 1 1
S 51.911 3080 1 1 0 126 5146.43 -197.456 -571.197 179.255 1 1 1
S 52.2459 3100 1 1 0 126 5146.67 -197.146 -589.619 179.255 1 1 1
S 52.5796 3120 1 1 0 126 5146.91 -196.838 -607.961 179.255 1 1 1
S 52.9137 3140 1 1 0 126 5147.15 -196.529 -626.335 179.255 1 1 1
S 53.2477 3160 1 1 0 126 5147.39 -196.22 -644.702 179.255 1 1 1
S 53.5811 3180 1 1 0 126 5147.62 -195.912 -663.036 179.255 1 1 1
S 53.9146 3200 1 1 0 127 5147.86 -195.493 -681.372 179.252 1 1 1
S 54.2489 3220 1 1 0 127 5148.1 -195.046 -699.752 179.252 1 1 1
S 54.5826 3240 1 1 0 127 5148.34 -194.6 -718.1 179.252 1 1 1
S 54.9164 3260 1 1 0 127 5148.58 -194.155 -736.449 179.252 1 1 1
S 55.2503 3280 1 1 0 127 5148.82 -193.709 -754.805 179.252 1 1 1
S 55.5848 3300 1 1 0 127 5149.06 -193.262 -773.197 179.252 1 1 1
S 55.9184 3320 1 1 0 127 5149.3 -192.816 -791.539 179.252 1 1 1
S 56.252 3340 1 1 0 127 5149.54 -192.371 -809.882 179.252 1 1 1
S 56.5856 3360 1 1 0 127 5149.78 -191.925 -828.224 179.252 1 1 1
S 56.9197 3380 1 1 0 127 5150.02 -191.479 -846.588 179.252 1 1 1
S 57.253 3400 1 1 0 127 5150.26 -191.034 -864.915 179.252 1 1 1
S 57.5864 3420 1 1 0 127 5150.5 -190.589 -883.245 179.252 1 1 1
S 57.92 3440 1 1 0 127 5150.74 -190.143 -901.588 179.252 1 1 1
S 58.2539 3460 1 1 0 127 5150.98 -189.697 -919.945 179.252 1 1 1
S 58.5887 3480 1 1 0 128 5151.29 -189.207 -938.35 178.815 1 1 1
S 58.9224 3500 1 1 0 128 5151.67 -188.681 -956.691 178.815 1 1 1
S 59.2564 3520 1 1 0 128 5152.05 -188.156 -975.049 178.815 1 1 1
S 59.5899 3540 1 1 0 128 5152.43 -187.63 -993.382 178.815 1 1 1
S 59.9233 3560 1 1 0 128 5152.81 -187.106 -1011.7 178.815 1 1 1
S 60.2567 3580 1 1 0 128 5153.19 -186.581 -1030.03 178.815 1 1 1
S 60.591 3600 1 1 0 128 5153.57 -186.054 -1048.4 178.815 1 1 1
S 60.926 3620 1 1 0 128 5153.95 -185.527 -1066.82 178.815 1 1 1
S 61.2619 3640 1 1 0 128 5154.33 -184.998 -1085.28 178.815 1 1 1
S 61.5975 3660 1 1 0 128 5154.72 -184.469 -1103.73 178.815 1 1 1
S 61.9312 3680 1 1 0 128 5155.09 -183.944 -1122.07 178.815 1 1 1
S 62.2657 3700 1 1 0 128 5155.48 -183.417 -1140.46 178.815 1 1 1
S 62.6005 3720 1 1 0 128 5155.86 -182.89 -1158.86 178.815 1 1 1
S 62.9346 3740 1 1 0 128 5156.24 -182.364 -1177.22 178.815 1 1 1
S 63.2686 3760 1 1 0 128 5156.62 -181.838 -1195.58 178.815 1 1 1
S 63.602 3780 1 1 0 129 5157.07 -181.213 -1213.91 178.581 1 1 1
S 63.9359 3800 1 1 0 129 5157.52 -180.584 -1232.25 178.581 1 1 1
S 64.2693 3820 1 1 0 129 5157.98 -179.956 -1250.57 178.581 1 1 1
S 64.6032 3840 1 1 0 129 5158.43 -179.327 -1268.92 178.581 1 1 1
S 64.9367 3860 1 1 0 129 5158.88 -178.698 -1287.25 178.581 1 1 1
S 65.2713 3880 1 1 0 129 5159.34 -178.067 -1305.63 178.581 1 1 1
S 65.6047 3900 1 1 0 129 5159.79 -177.439 -1323.95 178.581 1 1 1
S 65.9386 3920 1 1 0 129 5160.25 -176.81 -1342.3 178.581 1 1 1
S 66.2726 3940 1 1 0 129 5160.7 -176.18 -1360.66 178.581 1 1 1
S 66.6073 3960 1 1 0 129 5161.16 -175.55 -1379.04 178.581 1 1 1
S 66.942 3980 1 1 0 129 5161.61 -174.919 -1397.44 178.581 1 1 1
S 67.2769 4000 1 1 0 129 5162.07 -174.288 -1415.83 178.581 1 1 1
S 67.6113 4020 1 1 0 129 5162.53 -173.657 -1434.22 178.581 1 1 1
S 67.9456 4040 1 1 0 129 5162.98 -173.027 -1452.59 178.581 1 1 1
S 68.2801 4060 1 1 0 130 5163.39 -172.39 -1470.97 178.798 1 1 1
S 68.6137 4080 1 1 0 130 5163.78 -171.751 -1489.3 178.798 1 1 1
S 68.9478 4100 1 1 0 130 5164.16 -171.111 -1507.66 178.798 1 1 1
S 69.2831 4120 1 1 0 130 5164.55 -170.468 -1526.09 178.798 1 1 1
S 69.6164 4140 1 1 0 130 5164.93 -169.83 -1544.41 178.798 1 1 1
S 69.9506 4160 1 1 0 130 5165.32 -169.189 -1562.77 178.798 1 1 1
S 70.2844 4180 1 1 0 130 5165.7 -168.55 -1581.11 178.798 1 1 1
S 70.6179 4200 1 1 0 130 5166.09 -167.911 -1599.44 178.798 1 1 1
S 70.9524 4220 1 1 0 130 5166.47 -167.27 -1617.82 178.798 1 1 1
S 71.2857 4240 1 1 0 130 5166.86 -166.631 -1636.14 178.798 1 1 1
S 71.6191 4260 1 1 0 130 5167.24 -165.993 -1654.46 178.798 1 1 1
S 71.953 4280 1 1 0 130 5167.63 -165.353 -1672.81 178.798 1 1 1
S 72.2864 4300 1 1 0 130 5168.01 -164.714 -1691.13 178.798 1 1 1
S 72.6202 4320 1 1 0 130 5168.4 -164.075 -1709.48 178.798 1 1 1
S 72.9538 4340 1 1 0 131 5168.74 -163.444 -1727.81 179.03 1 1 1
S 73.2876 4360 1 1 0 131 5169.05 -162.822 -1746.16 179.03 1 1 1
S 73.6221 4380 1 1 0 131 5169.37 -162.198 -1764.54 179.03 1 1 1
S 73.9562 4400 1 1 0 131 5169.68 -161.576 -1782.91 179.03 1 1 1
S 74.29 4420 1 1 0 131 5169.99 -160.954 -1801.25 179.03 1 1 1
S 74.6254 4440 1 1 0 131 5170.3 -160.328 -1819.68 179.03 1 1 1
S 74.9608 4460 1 1 0 131 5170.61 -159.703 -1838.11 179.03 1 1 1
S 75.2959 4480 1 1 0 131 5170.92 -159.079 -1856.53 179.03 1 1 1
S 75.6294 4500 1 1 0 131 5171.23 -158.457 -1874.86 179.03 1 1 1
S 75.9632 4520 1 1 0 131 5171.54 -157.835 -1893.2 179.03 1 1 1
S 76.2965 4540 1 1 0 131 5171.85 -157.214 -1911.53 179.03 1 1 1
S 76.6309 4560 1 1 0 131 5172.17 -156.59 -1929.91 179.03 1 1 1
S 76.9655 4580 1 1 0 131 5172.48 -155.967 -1948.3 179.03 1 1 1
S 77.3002 4600 1 1 0 131 5172.79 -155.343 -1966.69 179.03 1 1 1
S 77.635 4620 1 1 0 131 5173.1 -154.719 -1985.09 179.03 1 1 1
S 77.9695 4640 1 1 0 132 5173.48 -154.103 -2003.47 178.811 1 1 1
S 78.3028 4660 1 1 0 132 5173.86 -153.49 -2021.79 178.811 1 1 1
S 78.6365 4680 1 1 0 132 5174.24 -152.877 -2040.13 178.811 1 1 1
S 78.9703 4700 1 1 0 132 5174.62 -152.263 -2058.48 178.811 1 1 1
S 79.3052 4720 1 1 0 132 5175 -151.647 -2076.88 178.811 1 1 1
S 79.6387 4740 1 1 0 132 5175.38 -151.034 -2095.21 178.811 1 1 1
S 79.9723 4760 1 1 0 132 5175.76 -150.421 -2113.54 178.811 1 1 1
S 80.3058 4780 1 1 0 132 5176.14 -149.807 -2131.87 178.811 1 1 1
S 80.6405 4800 1 1 0 132 5176.52 -149.192 -2150.26 178.811 1 1 1
S 80.9751 4820 1 1 0 132 5176.91 -148.577 -2168.66 178.811 1 1 1
S 81.3115 4840 1 1 0 132 5177.29 -147.96 -2187.08 178.811 1 1 1
S 81.6442 4860 1 1 0 132 5177.67 -147.347 -2205.42 178.811 1 1 1
S 81.9776 4880 1 1 0 132 5178.05 -146.733 -2223.75 178.811 1 1 1
S 82.3122 4900 1 1 0 132 5178.43 -146.118 -2242.14 178.811 1 1 1
S 82.6458 4920 1 1 0 133 5178.87 -145.503 -2260.46 178.301 1 1 1
S 82.9793 4940 1 1 0 133 5179.41 -144.881 -2278.8 178.301 1 1 1
S 83.3138 4960 1 1 0 133 5179.96 -144.259 -2297.18 178.301 1 1 1
S 83.6481 4980 1 1 0 133 5180.5 -143.637 -2315.54 178.301 1 1 1
S 83.9821 5000 1 1 0 133 5181.04 -143.015 -2333.9 178.301 1 1 1
S 84.317 5020 1 1 0 133 5181.59 -142.392 -2352.29 178.301 1 1 1
S 84.6512 5040 1 1 0 133 5182.14 -141.77 -2370.66 178.301 1 1 1
S 84.9852 5060 1 1 0 133 5182.68 -141.148 -2389.01 178.301 1 1 1
S 85.3191 5080 1 1 0 133 5183.22 -140.527 -2407.35 178.301 1 1 1
S 85.6532 5100 1 1 0 133 5183.77 -139.905 -2425.71 178.301 1 1 1
S 85.9865 5120 1 1 0 133 5184.31 -139.284 -2444.03 178.301 1 1 1
S 86.32 5140 1 1 0 133 5184.86 -138.664 -2462.35 178.301 1 1 1
S 86.6535 5160 1 1 0 133 5185.4 -138.043 -2480.67 178.301 1 1 1
S 86.9869 5180 1 1 0 133 5185.94 -137.423 -2498.99 178.301 1 1 1
S 87.3205 5200 1 1 0 133 5186.49 -136.802 -2517.32 178.301 1 1 1
S 87.6555 5220 1 1 0 134 5187.07 -136.136 -2535.73 178.137 1 1 1
S 87.9909 5240 1 1 0 134 5187.67 -135.459 -2554.14 178.137 1 1 1
S 88.3251 5260 1 1 0 134 5188.27 -134.785 -2572.5 178.137 1 1 1
S 88.6599 5280 1 1 0 134 5188.87 -134.109 -2590.89 178.137 1 1 1
S 88.9937 5300 1 1 0 134 5189.47 -133.436 -2609.23 178.137 1 1 1
S 89.3286 5320 1 1 0 134 5190.06 -132.76 -2627.63 178.137 1 1 1
S 89.6621 5340 1 1 0 134 5190.66 -132.088 -2645.94 178.137 1 1 1
S 89.9958 5360 1 1 0 134 5191.26 -131.414 -2664.28 178.137 1 1 1
S 90.3308 5380 1 1 0 134 5191.85 -130.738 -2682.69 178.137 1 1 1
S 90.6651 5400 1 1 0 134 5192.45 -130.063 -2701.05 178.137 1 1 1
S 90.9991 5420 1 1 0 134 5193.05 -129.39 -2719.4 178.137 1 1 1
S 91.3327 5440 1 1 0 134 5193.64 -128.717 -2737.72 178.137 1 1 1
S 91.667 5460 1 1 0 134 5194.24 -128.042 -2756.09 178.137 1 1 1
S 92.0006 5480 1 1 0 134 5194.84 -127.369 -2774.42 178.137 1 1 1
S 92.3341 5500 1 1 0 135 5195.36 -126.836 -2792.74 178.65 1 1 1
S 92.6678 5520 1 1 0 135 5195.8 -126.495 -2811.09 178.65 1 1 1
S 93.0013 5540 1 1 0 135 5196.23 -126.154 -2829.42 178.65 1 1 1
S 93.3353 5560 1 1 0 135 5196.66 -125.813 -2847.78 178.65 1 1 1
S 93.6686 5580 1 1 0 135 5197.09 -125.473 -2866.11 178.65 1 1 1
S 94.0025 5600 1 1 0 135 5197.53 -125.131 -2884.46 178.65 1 1 1
S 94.3358 5620 1 1 0 135 5197.96 -124.791 -2902.79 178.65 1 1 1
S 94.6704 5640 1 1 0 135 5198.39 -124.449 -2921.18 178.65 1 1 1
S 95.0037 5660 1 1 0 135 5198.82 -124.109 -2939.51 178.65 1 1 1
S 95.3373 5680 1 1 0 135 5199.26 -123.768 -2957.84 178.65 1 1 1
S 95.6715 5700 1 1 0 135 5199.69 -123.426 -2976.22 178.65 1 1 1
S 96.0053 5720 1 1 0 135 5200.12 -123.085 -2994.57 178.65 1 1 1
S 96.3405 5740 1 1 0 135 5200.55 -122.743 -3013 178.65 1 1 1
S 96.6748 5760 1 1 0 135 5200.99 -122.401 -3031.37 178.65 1 1 1
S 97.0098 5780 1 1 0 136 5201.4 -122.094 -3049.79 179.26 1 1 1
S 97.3439 5800 1 1 0 136 5201.64 -122.128 -3068.16 179.26 1 1 1
S 97.6775 5820 1 1 0 136 5201.88 -122.161 -3086.51 179.26 1 1 1
S 98.0134 5840 1 1 0 136 5202.12 -122.195 -3104.98 179.26 1 1 1
S 98.3485 5860 1 1 0 136 5202.35 -122.228 -3123.41 179.26 1 1 1
S 98.6821 5880 1 1 0 136 5202.59 -122.262 -3141.76 179.26 1 1 1
S 99.0162 5900 1 1 0 136 5202.83 -122.295 -3160.13 179.26 1 1 1
S 99.351 5920 1 1 0 136 5203.07 -122.329 -3178.55 179.26 1 1 1
S 99.6843 5940 1 1 0 136 5203.3 -122.362 -3196.88 179.26 1 1 1
S 100.018 5960 1 1 0 136 5203.54 -122.395 -3215.21 179.26 1 1 1
S 100.352 5980 1 1 0 136 5203.78 -122.429 -3233.59 179.26 1 1 1
S 100.685 6000 1 1 0 136 5204.01 -122.462 -3251.93 179.26 1 1 1
S 101.02 6020 1 1 0 136 5204.25 -122.496 -3270.27 179.26 1 1 1
S 101.353 6040 1 1 0 136 5204.49 -122.529 -3288.66 179.26 1 1 1
S 101.688 6060 1 1 0 136 5204.73 -122.563 -3307.06 179.26 1 1 1
S 102.021 6080 1 1 0 136 5204.96 -122.596 -3325.39 179.26 1 1 1
S 102.355 6100 1 1 0 137 5205.2 -122.63 -3343.77 179.258 1 1 1
S 102.691 6120 1 1 0 137 5205.44 -122.663 -3362.21 179.258 1 1 1
S 103.026 6140 1 1 0 137 5205.68 -122.697 -3380.64 179.258 1 1 1
S 103.359 6160 1 1 0 137 5205.92 -122.73 -3398.98 179.258 1 1 1
S 103.693 6180 1 1 0 137 5206.15 -122.764 -3417.35 179.258 1 1 1
S 104.027 6200 1 1 0 137 5206.39 -122.797 -3435.72 179.258 1 1 1
S 104.362 6220 1 1 0 137 5206.63 -122.831 -3454.11 179.258 1 1 1
S 104.695 6240 1 1 0 137 5206.87 -122.865 -3472.47 179.258 1 1 1
S 105.029 6260 1 1 0 137 5207.1 -122.898 -3490.8 179.258 1 1 1
S 105.363 6280 1 1 0 137 5207.34 -122.932 -3509.17 179.258 1 1 1
S 105.697 6300 1 1 0 137 5207.58 -122.965 -3527.54 179.258 1 1 1
S 106.032 6320 1 1 0 137 5207.82 -122.999 -3545.97 179.258 1 1 1
S 106.366 6340 1 1 0 137 5208.06 -123.032 -3564.35 179.258 1 1 1
S 106.7 6360 1 1 0 137 5208.3 -123.066 -3582.73 179.258 1 1 1
S 107.034 6380 1 1 0 137 5208.53 -123.099 -3601.1 179.258 1 1 1
S 107.368 6400 1 1 0 137 5208.77 -123.133 -3619.47 179.258 1 1 1
S 107.702 6420 1 1 0 138 5209.01 -123.166 -3637.81 179.258 1 1 1
S 108.035 6440 1 1 0 138 5209.25 -123.199 -3656.15 179.258 1 1 1
S 108.369 6460 1 1 0 138 5209.48 -123.232 -3674.51 179.258 1 1 1
S 108.703 6480 1 1 0 138 5209.72 -123.266 -3692.88 179.258 1 1 1
S 109.037 6500 1 1 0 138 5209.96 -123.299 -3711.23 179.258 1 1 1
S 109.372 6520 1 1 0 138 5210.2 -123.332 -3729.63 179.258 1 1 1
S 109.707 6540 1 1 0 138 5210.44 -123.365 -3748.08 179.258 1 1 1
S 110.042 6560 1 1 0 138 5210.68 -123.398 -3766.47 179.258 1 1 1
S 110.377 6580 1 1 0 138 5210.91 -123.431 -3784.91 179.258 1 1 1
S 110.711 6600 1 1 0 138 5211.15 -123.464 -3803.29 179.258 1 1 1
S 111.045 6620 1 1 0 138 5211.39 -123.498 -3821.68 179.258 1 1 1
S 111.379 6640 1 1 0 138 5211.63 -123.531 -3840.02 179.258 1 1 1
S 111.712 6660 1 1 0 138 5211.87 -123.564 -3858.37 179.258 1 1 1
S 112.047 6680 1 1 0 138 5212.1 -123.597 -3876.78 179.258 1 1 1
S 112.381 6700 1 1 0 138 5212.34 -123.63 -3895.13 179.258 1 1 1
S 112.716 6720 1 1 0 138 5212.58 -123.663 -3913.54 179.258 1 1 1
S 113.049 6740 1 1 0 139 5212.82 -123.696 -3931.88 179.26 1 1 1
S 113.383 6760 1 1 0 139 5213.05 -123.729 -3950.25 179.26 1 1 1
S 113.717 6780 1 1 0 139 5213.29 -123.762 -3968.61 179.26 1 1 1
S 114.052 6800 1 1 0 139 5213.53 -123.795 -3987.01 179.26 1 1 1
S 114.386 6820 1 1 0 139 5213.77 -123.827 -4005.38 179.26 1 1 1
S 114.72 6840 1 1 0 139 5214 -123.86 -4023.74 179.26 1 1 1
S 115.054 6860 1 1 0 139 5214.24 -123.893 -4042.12 179.26 1 1 1
S 115.387 6880 1 1 0 139 5214.48 -123.926 -4060.48 179.26 1 1 1
S 115.721 6900 1 1 0 139 5214.71 -123.959 -4078.84 179.26 1 1 1
S 116.055 6920 1 1 0 139 5214.95 -123.992 -4097.2 179.26 1 1 1
S 116.389 6940 1 1 0 139 5215.19 -124.024 -4115.54 179.26 1 1 1
S 116.722 6960 1 1 0 139 5215.42 -124.057 -4133.88 179.26 1 1 1
S 117.057 6980 1 1 0 139 5215.66 -124.09 -4152.28 179.26 1 1 1
S 117.391 7000 1 1 0 139 5215.9 -124.123 -4170.67 179.26 1 1 1
S 117.725 7020 1 1 0 139 5216.14 -124.156 -4189.04 179.26 1 1 1
S 118.06 7040 1 1 0 139 5216.37 -124.189 -4207.42 179.26 1 1 1
S 118.395 7060 1 1 0 140 5216.61 -124.222 -4225.85 179.259 1 1 1
S 118.729 7080 1 1 0 140 5216.85 -124.256 -4244.23 179.259 1 1 1
S 119.063 7100 1 1 0 140 5217.09 -124.289 -4262.62 179.259 1 1 1
S 119.398 7120 1 1 0 140 5217.33 -124.323 -4281.02 179.259 1 1 1
S 119.731 7140 1 1 0 140 5217.56 -124.356 -4299.37 179.259 1 1 1
S 120.065 7160 1 1 0 140 5217.8 -124.39 -4317.71 179.259 1 1 1
S 120.398 7180 1 1 0 140 5218.04 -124.423 -4336.05 179.259 1 1 1
S 120.732 7200 1 1 0 140 5218.28 -124.457 -4354.42 179.259 1 1 1
S 121.067 7220 1 1 0 140 5218.51 -124.49 -4372.8 179.259 1 1 1
S 121.401 7240 1 1 0 140 5218.75 -124.524 -4391.18 179.259 1 1 1
S 121.734 7260 1 1 0 140 5218.99 -124.557 -4409.53 179.259 1 1 1
S 122.068 7280 1 1 0 140 5219.23 -124.591 -4427.9 179.259 1 1 1
S 122.403 7300 1 1 0 140 5219.46 -124.624 -4446.26 179.259 1 1 1
S 122.736 7320 1 1 0 140 5219.7 -124.658 -4464.61 179.259 1 1 1
S 123.069 7340 1 1 0 140 5219.94 -124.691 -4482.95 179.259 1 1 1
S 123.403 7360 1 1 0 140 5220.18 -124.725 -4501.31 179.259 1 1 1
S 123.739 7380 1 1 0 141 5220.55 -124.759 -4519.74 178.815 1 1 1
S 124.073 7400 1 1 0 141 5220.93 -124.793 -4538.15 178.815 1 1 1
S 124.409 7420 1 1 0 141 5221.31 -124.827 -4556.59 178.815 1 1 1
S 124.742 7440 1 1 0 141 5221.69 -124.862 -4574.92 178.815 1 1 1
S 125.076 7460 1 1 0 141 5222.07 -124.896 -4593.3 178.815 1 1 1
S 125.41 7480 1 1 0 141 5222.45 -124.93 -4611.64 178.815 1 1 1
S 125.743 7500 1 1 0 141 5222.83 -124.964 -4629.98 178.815 1 1 1
S 126.077 7520 1 1 0 141 5223.21 -124.998 -4648.35 178.815 1 1 1
S 126.411 7540 1 1 0 141 5223.59 -125.032 -4666.7 178.815 1 1 1
S 126.746 7560 1 1 0 141 5223.97 -125.067 -4685.1 178.815 1 1 1
S 127.08 7580 1 1 0 141 5224.35 -125.101 -4703.48 178.815 1 1 1
S 127.414 7600 1 1 0 141 5224.73 -125.135 -4721.86 178.815 1 1 1
S 127.749 7620 1 1 0 141 5225.11 -125.169 -4740.29 178.815 1 1 1
S 128.083 7640 1 1 0 141 5225.49 -125.203 -4758.62 178.815 1 1 1
S 128.417 7660 1 1 0 141 5225.87 -125.238 -4777 178.815 1 1 1
S 128.752 7680 1 1 0 142 5226.42 -125.272 -4795.42 178.214 1 1 1
S 129.085 7700 1 1 0 142 5226.99 -125.307 -4813.75 178.214 1 1 1
S 129.419 7720 1 1 0 142 5227.56 -125.342 -4832.09 178.214 1 1 1
S 129.753 7740 1 1 0 142 5228.13 -125.377 -4850.43 178.214 1 1 1
S 130.086 7760 1 1 0 142 5228.7 -125.412 -4868.76 178.214 1 1 1
S 130.419 7780 1 1 0 142 5229.27 -125.447 -4887.09 178.214 1 1 1
S 130.755 7800 1 1 0 142 5229.85 -125.482 -4905.52 178.214 1 1 1
S 131.09 7820 1 1 0 142 5230.42 -125.517 -4923.96 178.214 1 1 1
S 131.424 7840 1 1 0 142 5231 -125.552 -4942.33 178.214 1 1 1
S 131.758 7860 1 1 0 142 5231.57 -125.587 -4960.7 178.214 1 1 1
S 132.092 7880 1 1 0 142 5232.14 -125.622 -4979.03 178.214 1 1 1
S 132.425 7900 1 1 0 142 5232.71 -125.656 -4997.36 178.214 1 1 1
S 132.759 7920 1 1 0 142 5233.28 -125.691 -5015.68 178.214 1 1 1
S 133.092 7940 1 1 0 142 5233.86 -125.726 -5034.01 178.214 1 1 1
S 133.426 7960 1 1 0 142 5234.43 -125.761 -5052.39 178.214 1 1 1
S 133.761 7980 1 1 0 143 5235.05 -126.067 -5070.76 178.056 1 1 1
S 134.094 8000 1 1 0 143 5235.67 -126.393 -5089.09 178.056 1 1 1
S 134.429 8020 1 1 0 143 5236.3 -126.721 -5107.47 178.056 1 1 1
S 134.763 8040 1 1 0 143 5236.92 -127.049 -5125.83 178.056 1 1 1
S 135.098 8060 1 1 0 143 5237.54 -127.377 -5144.26 178.056 1 1 1
S 135.432 8080 1 1 0 143 5238.17 -127.705 -5162.61 178.056 1 1 1
S 135.766 8100 1 1 0 143 5238.79 -128.032 -5180.96 178.056 1 1 1
S 136.1 8120 1 1 0 143 5239.41 -128.359 -5199.32 178.056 1 1 1
S 136.434 8140 1 1 0 143 5240.04 -128.687 -5217.67 178.056 1 1 1
S 136.768 8160 1 1 0 143 5240.66 -129.014 -5236.02 178.056 1 1 1
S 137.101 8180 1 1 0 143 5241.28 -129.341 -5254.34 178.056 1 1 1
S 137.435 8200 1 1 0 143 5241.9 -129.668 -5272.68 178.056 1 1 1
S 137.768 8220 1 1 0 143 5242.53 -129.995 -5291.03 178.056 1 1 1
S 138.102 8240 1 1 0 143 5243.15 -130.322 -5309.35 178.056 1 1 1
S 138.435 8260 1 1 0 144 5243.97 -130.737 -5327.65 173.597 1 1 1
S 138.769 8280 1 1 0 144 5246.01 -131.686 -5345.85 173.597 1 1 1
S 139.102 8300 1 1 0 144 5248.06 -132.634 -5364.05 173.597 1 1 1
S 139.435 8320 1 1 0 144 5250.1 -133.583 -5382.25 173.597 1 1 1
S 139.769 8340 1 1 0 144 5252.14 -134.533 -5400.46 173.597 1 1 1
S 140.103 8360 1 1 0 144 5254.19 -135.483 -5418.68 173.597 1 1 1
S 140.438 8380 1 1 0 144 5256.24 -136.437 -5437 173.597 1 1 1
S 140.772 8400 1 1 0 144 5258.29 -137.388 -5455.22 173.597 1 1 1
S 141.107 8420 1 1 0 144 5260.34 -138.339 -5473.46 173.597 1 1 1
S 141.441 8440 1 1 0 144 5262.38 -139.29 -5491.71 173.597 1 1 1
S 141.775 8460 1 1 0 144 5264.43 -140.241 -5509.95 173.597 1 1 1
S 142.109 8480 1 1 0 144 5266.47 -141.19 -5528.16 173.597 1 1 1
S 142.443 8500 1 1 0 144 5268.52 -142.141 -5546.4 173.597 1 1 1
S 142.776 8520 1 1 0 144 5270.56 -143.09 -5564.6 173.597 1 1 1
S 143.11 8540 1 1 0 144 5272.61 -144.039 -5582.81 173.597 1 1 1
S 143.444 8560 1 1 0 145 5276.64 -146.134 -5600.61 165.842 1 1 1
S 143.779 8580 1 1 0 145 5281.1 -148.477 -5618.29 165.842 1 1 1
S 144.112 8600 1 1 0 145 5285.55 -150.814 -5635.93 165.842 1 1 1
S 144.445 8620 1 1 0 145 5289.99 -153.15 -5653.56 165.842 1 1 1
S 144.779 8640 1 1 0 145 5294.44 -155.487 -5671.19 165.842 1 1 1
S 145.112 8660 1 1 0 145 5298.89 -157.824 -5688.83 165.842 1 1 1
S 145.446 8680 1 1 0 145 5303.34 -160.163 -5706.48 165.842 1 1 1
S 145.78 8700 1 1 0 145 5307.8 -162.505 -5724.16 165.842 1 1 1
S 146.113 8720 1 1 0 145 5312.25 -164.841 -5741.79 165.842 1 1 1
S 146.447 8740 1 1 0 145 5316.7 -167.177 -5759.42 165.842 1 1 1
S 146.781 8760 1 1 0 145 5321.15 -169.516 -5777.07 165.842 1 1 1
S 147.114 8780 1 1 0 145 5325.6 -171.856 -5794.73 165.842 1 1 1
S 147.448 8800 1 1 0 145 5330.05 -174.193 -5812.36 165.842 1 1 1
S 147.782 8820 1 1 0 145 5334.52 -176.539 -5830.07 165.842 1 1 1
S 148.116 8840 1 1 0 146 5340.69 -178.374 -5847.21 159.123 1 1 1
S 148.45 8860 1 1 0 146 5347.22 -180.119 -5864.33 159.123 1 1 1
S 148.784 8880 1 1 0 146 5353.72 -181.859 -5881.38 159.123 1 1 1
S 149.117 8900 1 1 0 146 5360.23 -183.599 -5898.43 159.123 1 1 1
S 149.452 8920 1 1 0 146 5366.76 -185.346 -5915.57 159.123 1 1 1
S 149.787 8940 1 1 0 146 5373.3 -187.095 -5932.71 159.123 1 1 1
S 150.123 8960 1 1 0 146 5379.85 -188.848 -5949.89 159.123 1 1 1
S 150.457 8980 1 1 0 146 5386.37 -190.589 -5966.96 159.123 1 1 1
S 150.791 9000 1 1 0 146 5392.89 -192.334 -5984.06 159.123 1 1 1
S 151.125 9020 1 1 0 146 5399.41 -194.078 -6001.16 159.123 1 1 1
S 151.459 9040 1 1 0 146 5405.92 -195.82 -6018.23 159.123 1 1 1
S 151.794 9060 1 1 0 146 5412.46 -197.568 -6035.38 159.123 1 1 1
S 152.128 9080 1 1 0 146 5418.98 -199.314 -6052.48 159.123 1 1 1
S 152.462 9100 1 1 0 146 5425.49 -201.054 -6069.55 159.123 1 1 1
S 152.796 9120 1 1 0 146 5432.01 -202.799 -6086.65 159.123 1 1 1
S 153.13 9140 1 1 0 147 5438.69 -204.565 -6103.68 151.149 1 1 1
S 153.464 9160 1 1 0 147 5447.49 -206.629 -6119.65 151.149 1 1 1
S 153.798 9180 1 1 0 147 5456.31 -208.698 -6135.66 151.149 1 1 1
S 154.132 9200 1 1 0 147 5465.11 -210.763 -6151.64 151.149 1 1 1
S 154.466 9220 1 1 0 147 5473.91 -212.826 -6167.6 151.149 1 1 1
S 154.8 9240 1 1 0 147 5482.71 -214.89 -6183.57 151.149 1 1 1
S 155.133 9260 1 1 0 147 5491.51 -216.956 -6199.56 151.149 1 1 1
S 155.467 9280 1 1 0 147 5500.3 -219.018 -6215.51 151.149 1 1 1
S 155.802 9300 1 1 0 147 5509.15 -221.093 -6231.57 151.149 1 1 1
S 156.138 9320 1 1 0 147 5517.98 -223.166 -6247.61 151.149 1 1 1
S 156.473 9340 1 1 0 147 5526.84 -225.244 -6263.69 151.149 1 1 1
S 156.807 9360 1 1 0 147 5535.65 -227.308 -6279.66 151.149 1 1 1
S 157.141 9380 1 1 0 147 5544.45 -229.373 -6295.64 151.149 1 1 1
S 157.475 9400 1 1 0 147 5553.27 -231.442 -6311.65 151.149 1 1 1
S 157.809 9420 1 1 0 147 5562.06 -233.504 -6327.61 151.149 1 1 1
S 158.142 9440 1 1 0 147 5570.86 -235.569 -6343.59 151.149 1 1 1
S 158.477 9460 1 1 0 147 5579.68 -237.638 -6359.6 151.149 1 1 1
S 158.811 9480 1 1 0 147 5588.48 -239.702 -6375.57 151.149 1 1 1
S 159.145 9500 1 1 0 148 5601.44 -241.435 -6388.39 133.047 1 1 1
S 159.479 9520 1 2 0 148 5614.81 -243.134 -6400.88 133.047 1 1 1
S 159.812 9540 1 2 0 148 5628.15 -244.829 -6413.34 133.047 1 1 1
S 160.146 9560 1 2 0 148 5641.49 -246.524 -6425.8 133.047 1 1 1
S 160.479 9580 1 0 0 148 5654.84 -248.22 -6438.27 133.047 1 1 1
S 160.812 9600 1 0 0 148 5668.18 -249.914 -6450.73 133.047 1 1 1
S 161.146 9620 1 1 0 148 5681.54 -251.611 -6463.21 133.047 1 1 1
S 161.48 9640 1 1 0 148 5694.88 -253.306 -6475.67 133.047 1 1 1
S 161.813 9660 1 2 0 148 5708.22 -255.001 -6488.13 133.047 1 1 1
S 162.147 9680 1 2 0 148 5721.57 -256.697 -6500.6 133.047 1 1 1
S 162.48 9700 1 2 0 148 5734.93 -258.394 -6513.08 133.047 1 1 1
S 162.814 9720 1 0 0 148 5748.27 -260.089 -6525.54 133.047 1 1 1
S 163.147 9740 1 0 0 148 5761.61 -261.783 -6538 133.047 1 1 1
S 163.481 9760 1 0 0 148 5774.99 -263.483 -6550.5 133.047 1 1 1
S 163.815 9780 1 0 0 149 5790.64 -265.785 -6558.58 103.805 1 1 1
S 164.149 9800 1 0 0 149 5808.25 -268.604 -6562.91 103.805 1 1 1
S 164.482 9820 1 0 0 149 5825.85 -271.423 -6567.23 103.805 1 1 1
S 164.816 9840 1 1 0 149 5843.45 -274.241 -6571.56 103.805 1 1 1
S 165.15 9860 1 1 0 149 5861.09 -277.065 -6575.89 103.805 1 1 1
S 165.483 9880 1 2 0 149 5878.68 -279.882 -6580.22 103.805 1 1 1
S 165.818 9900 1 0 0 149 5896.34 -282.709 -6584.55 103.805 1 1 1
S 166.151 9920 1 0 0 149 5913.94 -285.528 -6588.88 103.805 1 1 1
S 166.485 9940 1 0 0 149 5931.55 -288.347 -6593.21 103.805 1 1 1
S 166.818 9960 1 1 0 149 5949.15 -291.165 -6597.53 103.805 1 1 1
S 167.152 9980 1 1 0 149 5966.77 -293.987 -6601.86 103.805 1 1 1
S 167.486 10000 1 2 0 149 5984.4 -296.81 -6606.19 103.805 1 1 1
S 167.821 10020 1 2 0 149 6002.05 -299.635 -6610.53 103.805 1 1 1
S 168.156 10040 1 0 0 149 6019.73 -302.467 -6614.88 103.805 1 1 1
S 168.491 10060 1 0 0 150 6037.53 -305.28 -6616.72 81.5769 1 1 1
S 168.826 10080 1 0 0 150 6055.58 -308.071 -6614.05 81.5769 1 1 1
S 169.16 10100 1 0 0 150 6073.53 -310.846 -6611.39 81.5769 1 1 1
S 169.494 10120 1 0 0 150 6091.47 -313.618 -6608.74 81.5769 1 1 1
S 169.828 10140 1 0 0 150 6109.45 -316.397 -6606.07 81.5769 1 1 1
S 170.161 10160 1 0 0 150 6127.39 -319.169 -6603.42 81.5769 1 1 1
S 170.495 10180 1 0 0 150 6145.35 -321.946 -6600.76 81.5769 1 1 1
S 170.829 10200 1 0 0 150 6163.3 -324.72 -6598.1 81.5769 1 1 1
S 171.163 10220 1 0 0 150 6181.25 -327.495 -6595.44 81.5769 1 1 1
S 171.496 10240 1 0 0 150 6199.18 -330.266 -6592.79 81.5769 1 1 1
S 171.83 10260 1 0 0 150 6217.11 -333.037 -6590.13 81.5769 1 1 1
S 172.163 10280 1 0 0 150 6235.04 -335.808 -6587.48 81.5769 1 1 1
S 172.497 10300 1 0 0 150 6253.02 -338.588 -6584.81 81.5769 1 1 1
S 172.831 10320 1 0 0 150 6270.95 -341.359 -6582.16 81.5769 1 1 1
S 173.166 10340 1 0 0 150 6288.98 -344.146 -6579.49 81.5769 1 1 1
S 173.499 10360 1 0 0 150 6306.91 -346.917 -6576.83 81.5769 1 1 1
S 173.833 10380 1 0 0 151 6323.56 -349.034 -6569.82 63.5055 1 1 1
S 174.166 10400 1 0 0 151 6339.87 -350.981 -6561.69 63.5055 1 1 1
S 174.5 10420 1 0 0 151 6356.19 -352.928 -6553.56 63.5055 1 1 1
S 174.835 10440 1 0 0 151 6372.58 -354.885 -6545.39 63.5055 1 1 1
S 175.168 10460 1 0 0 151 6388.91 -356.834 -6537.25 63.5055 1 1 1
S 175.504 10480 1 0 0 151 6405.34 -358.795 -6529.06 63.5055 1 1 1
S 175.837 10500 1 0 0 151 6421.66 -360.743 -6520.92 63.5055 1 1 1
S 176.172 10520 1 0 0 151 6438.05 -362.699 -6512.75 63.5055 1 1 1
S 176.505 10540 1 0 0 151 6454.37 -364.647 -6504.62 63.5055 1 1 1
S 176.839 10560 1 0 0 151 6470.71 -366.597 -6496.48 63.5055 1 1 1
S 177.173 10580 1 0 0 151 6487.04 -368.546 -6488.34 63.5055 1 1 1
S 177.507 10600 1 0 0 151 6503.39 -370.499 -6480.18 63.5055 1 1 1
S 177.841 10620 1 0 0 151 6519.71 -372.447 -6472.05 63.5055 1 1 1
S 178.175 10640 1 0 0 151 6536.08 -374.4 -6463.89 63.5055 1 1 1
S 178.509 10660 1 0 0 151 6552.45 -376.354 -6455.73 63.5055 1 1 1
S 178.844 10680 1 0 0 151 6568.81 -378.307 -6447.58 63.5055 1 1 1
S 179.177 10700 1 0 0 151 6585.13 -380.255 -6439.44 63.5055 1 1 1
S 179.51 10720 1 0 0 151 6601.45 -382.203 -6431.3 63.5055 1 1 1
S 179.844 10740 1 0 0 151 6617.77 -384.151 -6423.17 63.5055 1 1 1
S 180.177 10760 1 0 0 152 6633.84 -386 -6414.58 59.102 1 1 1
S 180.511 10780 1 0 0 152 6649.51 -387.683 -6405.21 59.102 1 1 1
S 180.845 10800 1 0 0 152 6665.22 -389.371 -6395.81 59.102 1 1 1
S 181.178 10820 1 0 0 152 6680.89 -391.055 -6386.42 59.102 1 1 1
S 181.512 10840 1 0 0 152 6696.56 -392.738 -6377.05 59.102 1 1 1
S 181.846 10860 1 0 0 152 6712.26 -394.424 -6367.65 59.102 1 1 1
S 182.18 10880 1 0 0 152 6727.97 -396.112 -6358.25 59.102 1 1 1
S 182.514 10900 1 0 0 152 6743.67 -397.798 -6348.86 59.102 1 1 1
S 182.848 10920 1 0 0 152 6759.34 -399.481 -6339.48 59.102 1 1 1
S 183.182 10940 1 0 0 152 6775.06 -401.17 -6330.07 59.102 1 1 1
S 183.516 10960 1 0 0 152 6790.75 -402.855 -6320.68 59.102 1 1 1
S 183.85 10980 1 0 0 152 6806.44 -404.542 -6311.29 59.102 1 1 1
S 184.185 11000 1 0 0 152 6822.2 -406.234 -6301.86 59.102 1 1 1
S 184.52 11020 1 0 0 152 6837.91 -407.922 -6292.46 59.102 1 1 1
S 184.854 11040 1 0 0 152 6853.62 -409.609 -6283.06 59.102 1 1 1
S 185.187 11060 1 0 0 152 6869.29 -411.293 -6273.68 59.102 1 1 1
S 185.522 11080 1 0 0 152 6885 -412.981 -6264.28 59.102 1 1 1
S 185.855 11100 1 0 0 152 6900.67 -414.663 -6254.9 59.102 1 1 1
S 186.189 11120 1 0 0 152 6916.36 -416.349 -6245.51 59.102 1 1 1
S 186.522 11140 1 0 0 152 6932.03 -418.032 -6236.13 59.102 1 1 1
S 186.856 11160 1 0 0 152 6947.72 -419.717 -6226.75 59.102 1 1 1
S 187.19 11180 1 0 0 152 6963.42 -421.404 -6217.35 59.102 1 1 1
S 187.524 11200 1 0 0 152 6979.12 -423.091 -6207.95 59.102 1 1 1
S 187.858 11220 1 0 0 152 6994.83 -424.778 -6198.55 59.102 1 1 1
S 188.192 11240 1 0 0 152 7010.51 -426.462 -6189.17 59.102 1 1 1
S 188.526 11260 1 0 0 152 7026.18 -428.146 -6179.79 59.102 1 1 1
S 188.859 11280 1 0 0 152 7041.85 -429.829 -6170.41 59.102 1 1 1
S 189.193 11300 1 0 0 153 7057.74 -431.586 -6161.43 62.9477 1 1 1
S 189.526 11320 1 0 0 153 7074 -433.464 -6153.13 62.9477 1 1 1
S 189.86 11340 1 0 0 153 7090.24 -435.341 -6144.84 62.9477 1 1 1
S 190.194 11360 1 0 0 153 7106.52 -437.221 -6136.53 62.9477 1 1 1
S 190.527 11380 1 0 0 153 7122.77 -439.099 -6128.23 62.9477 1 1 1
S 190.861 11400 1 0 0 153 7139.02 -440.977 -6119.93 62.9477 1 1 1
S 191.194 11420 1 0 0 153 7155.27 -442.854 -6111.63 62.9477 1 1 1
S 191.527 11440 1 0 0 153 7171.51 -444.731 -6103.34 62.9477 1 1 1
S 191.861 11460 1 0 0 153 7187.76 -446.609 -6095.04 62.9477 1 1 1
S 192.195 11480 1 0 0 153 7204.03 -448.489 -6086.73 62.9477 1 1 1
S 192.528 11500 1 0 0 153 7220.28 -450.366 -6078.43 62.9477 1 1 1
S 192.862 11520 1 0 0 153 7236.55 -452.246 -6070.12 62.9477 1 1 1
S 193.197 11540 1 0 0 153 7252.85 -454.129 -6061.8 62.9477 1 1 1
S 193.53 11560 1 0 0 153 7269.09 -456.006 -6053.5 62.9477 1 1 1
S 193.864 11580 1 0 0 153 7285.34 -457.884 -6045.2 62.9477 1 1 1
S 194.198 11600 1 0 0 153 7301.61 -459.763 -6036.9 62.9477 1 1 1
S 194.533 11620 1 0 0 153 7317.93 -461.649 -6028.56 62.9477 1 1 1
S 194.867 11640 1 0 0 153 7334.23 -463.532 -6020.24 62.9477 1 1 1
S 195.201 11660 1 0 0 153 7350.52 -465.414 -6011.92 62.9477 1 1 1
S 195.536 11680 1 0 0 153 7366.84 -467.3 -6003.59 62.9477 1 1 1
S 195.871 11700 1 0 0 153 7383.14 -469.184 -5995.26 62.9477 1 1 1
S 196.205 11720 1 0 0 154 7400.25 -471.35 -5989.5 79.6834 1 1 1
S 196.539 11740 1 0 0 154 7418.15 -473.792 -5986.25 79.6834 1 1 1
S 196.872 11760 1 0 0 154 7436.04 -476.234 -5982.99 79.6834 1 1 1
S 197.206 11780 1 0 0 154 7453.92 -478.674 -5979.73 79.6834 1 1 1
S 197.539 11800 1 0 0 154 7471.8 -481.114 -5976.48 79.6834 1 1 1
S 197.874 11820 1 0 0 154 7489.74 -483.562 -5973.21 79.6834 1 1 1
S 198.208 11840 1 0 0 154 7507.69 -486.011 -5969.95 79.6834 1 1 1
S 198.542 11860 1 0 0 154 7525.57 -488.452 -5966.69 79.6834 1 1 1
S 198.876 11880 1 0 0 154 7543.5 -490.898 -5963.43 79.6834 1 1 1
S 199.21 11900 1 0 0 155 7561.39 -493.34 -5960.17 98.6246 1 1 1
S 199.543 11920 1 0 0 155 7579.36 -495.87 -5962.9 98.6246 1 1 1
S 199.877 11940 1 0 0 155 7597.34 -498.402 -5965.62 98.6246 1 1 1
S 200.214 11960 1 0 0 155 7615.38 -500.943 -5968.36 98.6246 1 1 1
S 200.546 11980 1 0 0 155 7633.35 -503.473 -5971.09 98.6246 1 1 1
S 200.879 12000 1 0 0 155 7651.3 -506.001 -5973.81 98.6246 1 1 1
S 201.213 12020 1 0 0 155 7669.28 -508.533 -5976.54 98.6246 1 1 1
S 201.546 12040 1 0 0 155 7687.24 -511.062 -5979.26 98.6246 1 1 1
S 201.88 12060 1 0 0 155 7705.2 -513.591 -5981.98 98.6246 1 1 1
S 202.213 12080 1 0 0 156 7722.04 -516.297 -5988.5 113.284 1 1 1
S 202.547 12100 1 0 0 156 7738.73 -519.039 -5995.68 113.284 1 1 1
S 202.881 12120 1 0 0 156 7755.4 -521.778 -6002.86 113.284 1 1 1
S 203.214 12140 1 0 0 156 7772.06 -524.516 -6010.03 113.284 1 1 1
S 203.548 12160 1 0 0 156 7788.72 -527.252 -6017.19 113.284 1 1 1
S 203.881 12180 1 0 0 156 7805.37 -529.988 -6024.36 113.284 1 1 1
S 204.215 12200 1 0 0 156 7822.04 -532.728 -6031.53 113.284 1 1 1
S 204.55 12220 1 0 0 156 7838.78 -535.478 -6038.74 113.284 1 1 1
S 204.885 12240 1 0 0 157 7855.04 -538.232 -6046.74 128.417 1 1 1
S 205.22 12260 1 0 0 157 7869.33 -541 -6058.07 128.417 1 1 1
S 205.554 12280 1 0 0 157 7883.54 -543.752 -6069.34 128.417 1 1 1
S 205.888 12300 1 0 0 157 7897.76 -546.509 -6080.62 128.417 1 1 1
S 206.222 12320 1 0 0 157 7911.99 -549.265 -6091.9 128.417 1 1 1
S 206.556 12340 1 0 0 157 7926.23 -552.023 -6103.19 128.417 1 1 1
S 206.89 12360 1 0 0 157 7940.45 -554.779 -6114.47 128.417 1 1 1
S 207.224 12380 1 0 0 157 7954.67 -557.534 -6125.75 128.417 1 1 1
S 207.557 12400 1 0 0 157 7968.87 -560.285 -6137.01 128.417 1 1 1
S 207.891 12420 1 0 0 157 7983.1 -563.043 -6148.3 128.417 1 1 1
S 208.224 12440 1 0 0 157 7997.31 -565.795 -6159.56 128.417 1 1 1
S 208.559 12460 1 0 0 158 8010.62 -567.608 -6172.07 135.198 1 1 1
S 208.893 12480 1 0 0 158 8023.52 -569.021 -6185.06 135.198 1 1 1
S 209.228 12500 1 0 0 158 8036.48 -570.441 -6198.11 135.198 1 1 1
S 209.561 12520 1 0 0 158 8049.37 -571.852 -6211.08 135.198 1 1 1
S 209.895 12540 1 0 0 158 8062.26 -573.263 -6224.06 135.198 1 1 1
S 210.228 12560 1 0 0 158 8075.14 -574.674 -6237.04 135.198 1 1 1
S 210.562 12580 1 0 0 158 8088.05 -576.087 -6250.03 135.198 1 1 1
S 210.896 12600 1 0 0 158 8100.94 -577.499 -6263.02 135.198 1 1 1
S 211.229 12620 1 0 0 158 8113.83 -578.91 -6275.99 135.198 1 1 1
S 211.564 12640 1 0 0 158 8126.73 -580.324 -6288.99 135.198 1 1 1
S 211.897 12660 1 0 0 158 8139.62 -581.735 -6301.96 135.198 1 1 1
S 212.231 12680 1 0 0 158 8152.51 -583.146 -6314.94 135.198 1 1 1
S 212.565 12700 1 0 0 158 8165.43 -584.561 -6327.95 135.198 1 1 1
S 212.898 12720 1 0 0 159 8178.33 -586.146 -6340.88 134.694 1 1 1
S 213.233 12740 1 0 0 159 8191.28 -588.278 -6353.7 134.694 1 1 1
S 213.567 12760 1 0 0 159 8204.29 -590.42 -6366.57 134.694 1 1 1
S 213.902 12780 1 0 0 159 8217.29 -592.56 -6379.43 134.694 1 1 1
S 214.236 12800 1 0 0 159 8230.29 -594.699 -6392.29 134.694 1 1 1
S 214.571 12820 1 0 0 159 8243.28 -596.838 -6405.14 134.694 1 1 1
S 214.905 12840 1 0 0 159 8256.25 -598.973 -6417.97 134.694 1 1 1
S 215.238 12860 1 0 0 159 8269.19 -601.103 -6430.78 134.694 1 1 1
S 215.572 12880 1 0 0 159 8282.14 -603.236 -6443.6 134.694 1 1 1
S 215.906 12900 1 0 0 159 8295.13 -605.374 -6456.45 134.694 1 1 1
S 216.24 12920 1 0 0 159 8308.11 -607.51 -6469.29 134.694 1 1 1
S 216.575 12940 1 0 0 159 8321.1 -609.648 -6482.14 134.694 1 1 1
S 216.909 12960 1 0 0 159 8334.06 -611.782 -6494.96 134.694 1 1 1
S 217.242 12980 1 0 0 159 8347.01 -613.914 -6507.78 134.694 1 1 1
S 217.576 13000 1 0 0 159 8359.96 -616.046 -6520.59 134.694 1 1 1
S 217.909 13020 1 0 0 160 8373.44 -617.752 -6532.89 130.883 1 1 1
S 218.243 13040 1 0 0 160 8387.3 -619.184 -6544.89 130.883 1 1 1
S 218.577 13060 1 0 0 160 8401.14 -620.614 -6556.87 130.883 1 1 1
S 218.913 13080 1 0 0 160 8415.05 -622.051 -6568.91 130.883 1 1 1
S 219.246 13100 1 0 0 160 8428.88 -623.481 -6580.89 130.883 1 1 1
S 219.58 13120 1 0 0 160 8442.71 -624.909 -6592.86 130.883 1 1 1
S 219.914 13140 1 0 0 160 8456.54 -626.339 -6604.83 130.883 1 1 1
S 220.248 13160 1 0 0 160 8470.36 -627.767 -6616.8 130.883 1 1 1
S 220.581 13180 1 0 0 160 8484.22 -629.198 -6628.79 130.883 1 1 1
S 220.917 13200 1 0 0 160 8498.12 -630.635 -6640.83 130.883 1 1 1
S 221.251 13220 1 0 0 160 8511.99 -632.068 -6652.84 130.883 1 1 1
S 221.585 13240 1 0 0 160 8525.84 -633.499 -6664.82 130.883 1 1 1
S 221.919 13260 1 0 0 160 8539.68 -634.929 -6676.81 130.883 1 1 1
S 222.254 13280 1 0 0 160 8553.57 -636.364 -6688.83 130.883 1 1 1
S 222.588 13300 1 0 0 160 8567.42 -637.795 -6700.83 130.883 1 1 1
S 222.922 13320 1 0 0 161 8582.21 -639.193 -6711.6 124.41 1 1 1
S 223.256 13340 1 0 0 161 8597.3 -640.576 -6721.93 124.41 1 1 1
S 223.59 13360 1 0 0 161 8612.42 -641.963 -6732.29 124.41 1 1 1
S 223.924 13380 1 0 0 161 8627.52 -643.347 -6742.63 124.41 1 1 1
S 224.258 13400 1 0 0 161 8642.64 -644.734 -6752.99 124.41 1 1 1
S 224.592 13420 1 0 0 161 8657.75 -646.118 -6763.34 124.41 1 1 1
S 224.925 13440 1 0 0 161 8672.84 -647.502 -6773.67 124.41 1 1 1
S 225.259 13460 1 0 0 161 8687.92 -648.885 -6784.01 124.41 1 1 1
S 225.592 13480 1 0 0 161 8703.01 -650.269 -6794.34 124.41 1 1 1
S 225.926 13500 1 0 0 161 8718.09 -651.652 -6804.67 124.41 1 1 1
S 226.259 13520 1 0 0 161 8733.19 -653.036 -6815.01 124.41 1 1 1
S 226.593 13540 1 0 0 161 8748.31 -654.422 -6825.37 124.41 1 1 1
S 226.927 13560 1 0 0 161 8763.41 -655.807 -6835.71 124.41 1 1 1
S 227.261 13580 1 0 0 161 8778.54 -657.194 -6846.08 124.41 1 1 1
S 227.595 13600 1 0 0 161 8793.62 -658.577 -6856.41 124.41 1 1 1
S 227.928 13620 1 0 0 161 8808.71 -659.96 -6866.74 124.41 1 1 1
S 228.262 13640 1 0 0 161 8823.79 -661.343 -6877.07 124.41 1 1 1
S 228.596 13660 1 0 0 162 8839.91 -662.766 -6885.77 117.998 1 1 1
S 228.929 13680 1 0 0 162 8856.07 -664.189 -6894.36 117.998 1 1 1
S 229.263 13700 1 0 0 162 8872.24 -665.613 -6902.96 117.998 1 1 1
S 229.599 13720 1 0 0 162 8888.49 -667.044 -6911.6 117.998 1 1 1
S 229.935 13740 1 0 0 162 8904.74 -668.475 -6920.24 117.998 1 1 1
S 230.269 13760 1 0 0 162 8920.92 -669.9 -6928.84 117.998 1 1 1
S 230.603 13780 1 0 0 162 8937.09 -671.325 -6937.44 117.998 1 1 1
S 230.936 13800 1 0 0 162 8953.24 -672.747 -6946.02 117.998 1 1 1
S 231.27 13820 1 0 0 162 8969.41 -674.171 -6954.62 117.998 1 1 1
S 231.604 13840 1 0 0 162 8985.58 -675.595 -6963.22 117.998 1 1 1
S 231.938 13860 1 0 0 162 9001.76 -677.02 -6971.82 117.998 1 1 1
S 232.273 13880 1 0 0 162 9017.96 -678.447 -6980.43 117.998 1 1 1
S 232.607 13900 1 1 0 162 9034.12 -679.87 -6989.02 117.998 1 1 1
S 232.94 13920 1 1 0 162 9050.26 -681.292 -6997.6 117.998 1 1 1
S 233.274 13940 1 2 0 162 9066.4 -682.713 -7006.19 117.998 1 1 1
S 233.607 13960 1 2 0 162 9082.54 -684.135 -7014.77 117.998 1 1 1
S 233.941 13980 1 0 0 163 9098.99 -685.504 -7022.72 111.147 1 1 1
S 234.274 14000 1 1 0 163 9116.06 -686.76 -7029.32 111.147 1 1 1
S 234.608 14020 1 1 0 163 9133.16 -688.018 -7035.94 111.147 1 1 1
S 234.942 14040 1 1 0 163 9150.24 -689.275 -7042.54 111.147 1 1 1
S 235.276 14060 1 1 0 163 9167.33 -690.533 -7049.15 111.147 1 1 1
S 235.61 14080 1 1 0 163 9184.39 -691.788 -7055.75 111.147 1 1 1
S 235.943 14100 1 1 0 163 9201.46 -693.044 -7062.36 111.147 1 1 1
S 236.277 14120 1 1 0 163 9218.57 -694.303 -7068.98 111.147 1 1 1
S 236.612 14140 1 1 0 163 9235.68 -695.562 -7075.59 111.147 1 1 1
S 236.945 14160 1 1 0 163 9252.76 -696.819 -7082.2 111.147 1 1 1
S 237.279 14180 1 1 0 163 9269.85 -698.076 -7088.81 111.147 1 1 1
S 237.615 14200 1 1 0 163 9287.05 -699.342 -7095.46 111.147 1 1 1
S 237.951 14220 1 1 0 163 9304.23 -700.606 -7102.11 111.147 1 1 1
S 238.285 14240 1 1 0 163 9321.32 -701.864 -7108.72 111.147 1 1 1
S 238.619 14260 1 1 0 163 9338.39 -703.12 -7115.32 111.147 1 1 1
S 238.953 14280 1 1 0 164 9355.53 -704.337 -7121.8 105.722 1 1 1
S 239.286 14300 1 1 0 164 9373.18 -705.113 -7126.76 105.722 1 1 1
S 239.62 14320 1 1 0 164 9390.86 -705.89 -7131.74 105.722 1 1 1
S 239.954 14340 1 1 0 164 9408.49 -706.666 -7136.7 105.722 1 1 1
S 240.288 14360 1 1 0 164 9426.18 -707.443 -7141.68 105.722 1 1 1
S 240.622 14380 1 1 0 164 9443.81 -708.219 -7146.65 105.722 1 1 1
S 240.955 14400 1 1 0 164 9461.45 -708.994 -7151.61 105.722 1 1 1
S 241.289 14420 1 1 0 164 9479.12 -709.771 -7156.59 105.722 1 1 1
S 241.623 14440 1 1 0 164 9496.77 -710.547 -7161.56 105.722 1 1 1
S 241.957 14460 1 1 0 164 9514.44 -711.323 -7166.53 105.722 1 1 1
S 242.291 14480 1 1 0 164 9532.09 -712.1 -7171.5 105.722 1 1 1
S 242.624 14500 1 1 0 164 9549.74 -712.876 -7176.47 105.722 1 1 1
S 242.958 14520 1 1 0 164 9567.38 -713.651 -7181.43 105.722 1 1 1
S 243.291 14540 1 1 0 164 9585.03 -714.427 -7186.4 105.722 1 1 1
S 243.625 14560 1 1 0 164 9602.67 -715.203 -7191.37 105.722 1 1 1
S 243.958 14580 1 1 0 165 9620.38 -715.924 -7196.01 99.4124 1 1 1
S 244.292 14600 1 1 0 165 9638.5 -716.373 -7199.01 99.4124 1 1 1
S 244.626 14620 1 1 0 165 9656.58 -716.821 -7202.01 99.4124 1 1 1
S 244.96 14640 1 1 0 165 9674.73 -717.27 -7205.01 99.4124 1 1 1
S 245.295 14660 1 1 0 165 9692.87 -717.72 -7208.02 99.4124 1 1 1
S 245.628 14680 1 1 0 165 9710.97 -718.168 -7211.02 99.4124 1 1 1
S 245.962 14700 1 1 0 165 9729.05 -718.616 -7214.02 99.4124 1 1 1
S 246.297 14720 1 1 0 165 9747.26 -719.068 -7217.04 99.4124 1 1 1
S 246.633 14740 1 1 0 165 9765.46 -719.519 -7220.06 99.4124 1 1 1
S 246.968 14760 1 1 0 165 9783.62 -719.969 -7223.07 99.4124 1 1 1
S 247.302 14780 1 1 0 165 9801.76 -720.418 -7226.07 99.4124 1 1 1
S 247.637 14800 1 1 0 165 9819.91 -720.868 -7229.08 99.4124 1 1 1
S 247.97 14820 1 1 0 165 9838 -721.316 -7232.08 99.4124 1 1 1
S 248.304 14840 1 1 0 165 9856.1 -721.765 -7235.08 99.4124 1 1 1
S 248.639 14860 1 1 0 165 9874.26 -722.215 -7238.09 99.4124 1 1 1
S 248.973 14880 1 1 0 166 9892.54 -722.413 -7239.86 93.5641 1 1 1
S 249.307 14900 1 1 0 166 9910.86 -722.483 -7241 93.5641 1 1 1
S 249.641 14920 1 1 0 166 9929.19 -722.554 -7242.14 93.5641 1 1 1
S 249.974 14940 1 1 0 166 9947.49 -722.624 -7243.28 93.5641 1 1 1
S 250.308 14960 1 1 0 166 9965.84 -722.695 -7244.43 93.5641 1 1 1
S 250.643 14980 1 1 0 166 9984.19 -722.765 -7245.57 93.5641 1 1 1
S 250.976 15000 1 1 0 166 10002.5 -722.835 -7246.71 93.5641 1 1 1
S 251.31 15020 1 1 0 166 10020.8 -722.906 -7247.85 93.5641 1 1 1
S 251.643 15040 1 1 0 166 10039.1 -722.976 -7248.99 93.5641 1 1 1
S 251.977 15060 1 1 0 166 10057.4 -723.047 -7250.13 93.5641 1 1 1
S 252.31 15080 1 1 0 166 10075.7 -723.117 -7251.27 93.5641 1 1 1
S 252.644 15100 1 1 0 166 10094.1 -723.188 -7252.41 93.5641 1 1 1
S 252.978 15120 1 1 0 166 10112.4 -723.258 -7253.55 93.5641 1 1 1
S 253.312 15140 1 1 0 166 10130.7 -723.328 -7254.69 93.5641 1 1 1
S 253.645 15160 1 1 0 167 10149 -723.154 -7254.75 87.5788 1 1 1
S 253.98 15180 1 1 0 167 10167.4 -722.793 -7253.97 87.5788 1 1 1
S 254.314 15200 1 1 0 167 10185.8 -722.432 -7253.19 87.5788 1 1 1
S 254.648 15220 1 1 0 167 10204.1 -722.071 -7252.42 87.5788 1 1 1
S 254.982 15240 1 1 0 167 10222.5 -721.71 -7251.64 87.5788 1 1 1
S 255.318 15260 1 1 0 167 10240.9 -721.348 -7250.86 87.5788 1 1 1
S 255.651 15280 1 1 0 167 10259.2 -720.988 -7250.08 87.5788 1 1 1
S 255.985 15300 1 1 0 167 10277.6 -720.628 -7249.31 87.5788 1 1 1
S 256.319 15320 1 1 0 167 10295.9 -720.268 -7248.53 87.5788 1 1 1
S 256.653 15340 1 1 0 167 10314.3 -719.907 -7247.76 87.5788 1 1 1
S 256.986 15360 1 1 0 167 10332.6 -719.547 -7246.98 87.5788 1 1 1
S 257.319 15380 1 1 0 167 10350.9 -719.187 -7246.21 87.5788 1 1 1
S 257.654 15400 1 1 0 167 10369.2 -718.826 -7245.43 87.5788 1 1 1
S 257.988 15420 1 1 0 167 10387.6 -718.465 -7244.66 87.5788 1 1 1
S 258.322 15440 1 1 0 167 10405.9 -718.105 -7243.88 87.5788 1 1 1
S 258.655 15460 1 1 0 167 10424.3 -717.745 -7243.11 87.5788 1 1 1
S 258.989 15480 1 1 0 167 10442.6 -717.384 -7242.33 87.5788 1 1 1
S 259.324 15500 1 1 0 167 10461 -717.023 -7241.55 87.5788 1 1 1
S 259.657 15520 1 1 0 167 10479.3 -716.663 -7240.78 87.5788 1 1 1
S 259.992 15540 1 1 0 168 10497.7 -716.336 -7239.35 82.5964 1 1 1
S 260.326 15560 1 1 0 168 10515.9 -716.059 -7236.98 82.5964 1 1 1
S 260.662 15580 1 1 0 168 10534.2 -715.781 -7234.6 82.5964 1 1 1
S 260.996 15600 1 1 0 168 10552.4 -715.504 -7232.23 82.5964 1 1 1
S 261.33 15620 1 1 0 168 10570.6 -715.227 -7229.86 82.5964 1 1 1
S 261.666 15640 1 1 0 168 10588.9 -714.95 -7227.49 82.5964 1 1 1
S 262 15660 1 1 0 168 10607.2 -714.672 -7225.12 82.5964 1 1 1
S 262.336 15680 1 1 0 168 10625.5 -714.394 -7222.74 82.5964 1 1 1
S 262.67 15700 1 1 0 168 10643.7 -714.117 -7220.37 82.5964 1 1 1
S 263.003 15720 1 1 0 168 10661.9 -713.841 -7218.01 82.5964 1 1 1
S 263.337 15740 1 1 0 168 10680.1 -713.564 -7215.64 82.5964 1 1 1
S 263.67 15760 1 1 0 168 10698.3 -713.288 -7213.28 82.5964 1 1 1
S 264.004 15780 1 1 0 168 10716.5 -713.011 -7210.92 82.5964 1 1 1
S 264.338 15800 1 1 0 168 10734.7 -712.735 -7208.55 82.5964 1 1 1
S 264.672 15820 1 1 0 168 10752.9 -712.459 -7206.19 82.5964 1 1 1
S 265.005 15840 1 1 0 168 10771 -712.182 -7203.82 82.5964 1 1 1
S 265.34 15860 1 1 0 168 10789.3 -711.905 -7201.45 82.5964 1 1 1
S 265.675 15880 1 1 0 168 10807.6 -711.627 -7199.07 82.5964 1 1 1
S 266.009 15900 1 1 0 168 10825.8 -711.351 -7196.71 82.5964 1 1 1
S 266.342 15920 1 1 0 169 10843.7 -711.302 -7192.79 74.8693 1 1 1
S 266.676 15940 1 1 0 169 10861.4 -711.382 -7188.01 74.8693 1 1 1
S 267.009 15960 1 1 0 169 10879.1 -711.461 -7183.22 74.8693 1 1 1
S 267.343 15980 1 1 0 169 10896.8 -711.541 -7178.43 74.8693 1 1 1
S 267.677 16000 1 1 0 169 10914.5 -711.621 -7173.64 74.8693 1 1 1
S 268.01 16020 1 1 0 169 10932.2 -711.7 -7168.85 74.8693 1 1 1
S 268.344 16040 1 1 0 169 10949.9 -711.78 -7164.06 74.8693 1 1 1
S 268.678 16060 1 1 0 169 10967.7 -711.86 -7159.26 74.8693 1 1 1
S 269.013 16080 1 1 0 169 10985.4 -711.94 -7154.46 74.8693 1 1 1
S 269.349 16100 1 1 0 169 11003.3 -712.02 -7149.64 74.8693 1 1 1
S 269.682 16120 1 1 0 169 11021 -712.1 -7144.84 74.8693 1 1 1
S 270.016 16140 1 1 0 169 11038.7 -712.179 -7140.06 74.8693 1 1 1
S 270.352 16160 1 1 0 169 11056.5 -712.259 -7135.23 74.8693 1 1 1
S 270.686 16180 1 1 0 169 11074.3 -712.339 -7130.43 74.8693 1 1 1
S 271.02 16200 1 1 0 170 11092 -712.428 -7125.53 69.5501 1 1 1
S 271.356 16220 1 1 0 170 11109.3 -712.643 -7119.08 69.5501 1 1 1
S 271.69 16240 1 1 0 170 11126.5 -712.857 -7112.66 69.5501 1 1 1
S 272.024 16260 1 1 0 170 11143.7 -713.071 -7106.25 69.5501 1 1 1
S 272.358 16280 1 1 0 170 11160.9 -713.285 -7099.83 69.5501 1 1 1
S 272.691 16300 1 1 0 170 11178.1 -713.499 -7093.42 69.5501 1 1 1
S 273.025 16320 1 1 0 170 11195.3 -713.713 -7087.01 69.5501 1 1 1
S 273.358 16340 1 1 0 170 11212.5 -713.927 -7080.61 69.5501 1 1 1
S 273.692 16360 1 1 0 170 11229.7 -714.14 -7074.2 69.5501 1 1 1
S 274.025 16380 1 1 0 170 11246.8 -714.354 -7067.79 69.5501 1 1 1
S 274.359 16400 1 1 0 170 11264 -714.568 -7061.38 69.5501 1 1 1
S 274.693 16420 1 1 0 170 11281.3 -714.783 -7054.95 69.5501 1 1 1
S 275.029 16440 1 1 0 170 11298.5 -714.997 -7048.52 69.5501 1 1 1
S 275.362 16460 1 1 0 170 11315.7 -715.211 -7042.1 69.5501 1 1 1
S 275.698 16480 1 1 0 170 11333 -715.426 -7035.68 69.5501 1 1 1
S 276.031 16500 1 1 0 170 11350.2 -715.64 -7029.25 69.5501 1 1 1
S 276.366 16520 1 1 0 170 11367.5 -715.855 -7022.81 69.5501 1 1 1
S 276.7 16540 1 1 0 171 11384 -715.987 -7014.81 63.2871 1 1 1
S 277.034 16560 1 1 0 171 11400.4 -716.107 -7006.55 63.2871 1 1 1
S 277.368 16580 1 1 0 171 11416.8 -716.226 -6998.31 63.2871 1 1 1
S 277.702 16600 1 1 0 171 11433.2 -716.346 -6990.04 63.2871 1 1 1
S 278.037 16620 1 1 0 171 11449.7 -716.465 -6981.76 63.2871 1 1 1
S 278.371 16640 1 1 0 171 11466.1 -716.585 -6973.49 63.2871 1 1 1
S 278.705 16660 1 1 0 171 11482.5 -716.704 -6965.24 63.2871 1 1 1
S 279.039 16680 1 1 0 171 11498.9 -716.823 -6956.99 63.2871 1 1 1
S 279.373 16700 1 1 0 171 11515.3 -716.943 -6948.72 63.2871 1 1 1
S 279.706 16720 1 1 0 171 11531.7 -717.062 -6940.48 63.2871 1 1 1
S 280.041 16740 1 1 0 171 11548.1 -717.182 -6932.21 63.2871 1 1 1
S 280.375 16760 1 1 0 171 11564.5 -717.301 -6923.95 63.2871 1 1 1
S 280.709 16780 1 1 0 171 11580.9 -717.42 -6915.7 63.2871 1 1 1
S 281.042 16800 1 1 0 171 11597.3 -717.54 -6907.45 63.2871 1 1 1
S 281.376 16820 1 1 0 171 11613.7 -717.659 -6899.21 63.2871 1 1 1
S 281.709 16840 1 1 0 171 11630.1 -717.778 -6890.97 63.2871 1 1 1
S 282.042 16860 1 1 0 172 11646 -717.754 -6881.92 57.9988 1 1 1
S 282.376 16880 1 1 0 172 11661.5 -717.612 -6872.21 57.9988 1 1 1
S 282.709 16900 1 1 0 172 11677.1 -717.469 -6862.49 57.9988 1 1 1
S 283.044 16920 1 1 0 172 11692.7 -717.326 -6852.73 57.9988 1 1 1
S 283.379 16940 1 1 0 172 11708.3 -717.183 -6842.98 57.9988 1 1 1
S 283.713 16960 1 1 0 172 11723.9 -717.04 -6833.23 57.9988 1 1 1
S 284.047 16980 1 1 0 172 11739.5 -716.897 -6823.5 57.9988 1 1 1
S 284.382 17000 1 1 0 172 11755.1 -716.754 -6813.73 57.9988 1 1 1
S 284.716 17020 1 1 0 172 11770.7 -716.612 -6804.01 57.9988 1 1 1
S 285.05 17040 1 1 0 172 11786.3 -716.469 -6794.26 57.9988 1 1 1
S 285.384 17060 1 1 0 172 11801.9 -716.326 -6784.52 57.9988 1 1 1
S 285.718 17080 1 1 0 172 11817.5 -716.183 -6774.78 57.9988 1 1 1
S 286.053 17100 1 1 0 172 11833.1 -716.04 -6765.03 57.9988 1 1 1
S 286.387 17120 1 1 0 172 11848.6 -715.897 -6755.3 57.9988 1 1 1
S 286.722 17140 1 1 0 172 11864.3 -715.754 -6745.53 57.9988 1 1 1
S 287.056 17160 1 1 0 172 11879.9 -715.611 -6735.78 57.9988 1 1 1
S 287.391 17180 1 1 0 172 11895.5 -715.468 -6726.03 57.9988 1 1 1
S 287.725 17200 1 1 0 173 11910.3 -715.348 -6715.22 52.811 1 1 1
S 288.059 17220 1 1 0 173 11924.9 -715.233 -6704.11 52.811 1 1 1
S 288.393 17240 1 1 0 173 11939.6 -715.118 -6693 52.811 1 1 1
S 288.727 17260 1 1 0 173 11954.2 -715.004 -6681.91 52.811 1 1 1
S 289.061 17280 1 1 0 173 11968.8 -714.889 -6670.81 52.811 1 1 1
S 289.395 17300 1 1 0 173 11983.4 -714.774 -6659.7 52.811 1 1 1
S 289.729 17320 1 1 0 173 11998.1 -714.659 -6648.6 52.811 1 1 1
S 290.064 17340 1 1 0 173 12012.8 -714.544 -6637.46 52.811 1 1 1
S 290.399 17360 1 1 0 173 12027.5 -714.429 -6626.3 52.811 1 1 1
S 290.733 17380 1 1 0 173 12042.1 -714.314 -6615.21 52.811 1 1 1
S 291.067 17400 1 1 0 173 12056.7 -714.2 -6604.12 52.811 1 1 1
S 291.4 17420 1 1 0 173 12071.3 -714.085 -6593.04 52.811 1 1 1
S 291.734 17440 1 1 0 173 12085.9 -713.97 -6581.93 52.811 1 1 1
S 292.069 17460 1 1 0 174 12100.4 -713.909 -6570.5 47.8951 1 1 1
S 292.402 17480 1 1 0 174 12114 -714.009 -6558.2 47.8951 1 1 1
S 292.736 17500 1 1 0 174 12127.6 -714.109 -6545.89 47.8951 1 1 1
S 293.07 17520 1 1 0 174 12141.2 -714.208 -6533.57 47.8951 1 1 1
S 293.404 17540 1 1 0 174 12154.9 -714.308 -6521.25 47.8951 1 1 1
S 293.739 17560 1 1 0 174 12168.5 -714.408 -6508.92 47.8951 1 1 1
S 294.072 17580 1 1 0 174 12182.1 -714.508 -6496.62 47.8951 1 1 1
S 294.405 17600 1 1 0 174 12195.7 -714.607 -6484.33 47.8951 1 1 1
S 294.74 17620 1 1 0 174 12209.4 -714.707 -6472 47.8951 1 1 1
S 295.073 17640 1 1 0 174 12223 -714.807 -6459.71 47.8951 1 1 1
S 295.407 17660 1 1 0 174 12236.6 -714.906 -6447.38 47.8951 1 1 1
S 295.741 17680 1 1 0 175 12249.3 -715.094 -6434.21 43.0768 1 1 1
S 296.075 17700 1 1 0 175 12261.9 -715.306 -6420.78 43.0768 1 1 1
S 296.409 17720 1 1 0 175 12274.4 -715.517 -6407.37 43.0768 1 1 1
S 296.743 17740 1 1 0 175 12287 -715.728 -6393.96 43.0768 1 1 1
S 297.078 17760 1 1 0 175 12299.5 -715.94 -6380.52 43.0768 1 1 1
S 297.412 17780 1 1 0 175 12312.1 -716.152 -6367.07 43.0768 1 1 1
S 297.747 17800 1 1 0 175 12324.7 -716.363 -6353.64 43.0768 1 1 1
S 298.081 17820 1 1 0 175 12337.2 -716.574 -6340.24 43.0768 1 1 1
S 298.414 17840 1 1 0 175 12349.7 -716.786 -6326.82 43.0768 1 1 1
S 298.748 17860 1 1 0 175 12362.3 -716.997 -6313.41 43.0768 1 1 1
S 299.082 17880 1 1 0 175 12374.8 -717.208 -6300.01 43.0768 1 1 1
S 299.416 17900 1 1 0 175 12387.4 -717.419 -6286.6 43.0768 1 1 1
S 299.749 17920 1 1 0 175 12399.9 -717.63 -6273.2 43.0768 1 1 1
S 300.083 17940 1 1 0 176 12411.6 -717.883 -6259.1 37.5085 1 1 1
S 300.416 17960 1 1 0 176 12422.8 -718.161 -6244.54 37.5085 1 1 1
S 300.75 17980 1 1 0 176 12433.9 -718.439 -6230 37.5085 1 1 1
S 301.083 18000 1 1 0 176 12445.1 -718.718 -6215.45 37.5085 1 1 1
S 301.417 18020 1 1 0 176 12456.3 -718.997 -6200.87 37.5085 1 1 1
S 301.751 18040 1 1 0 176 12467.5 -719.276 -6186.29 37.5085 1 1 1
S 302.085 18060 1 1 0 176 12478.6 -719.554 -6171.72 37.5085 1 1 1
S 302.419 18080 1 1 0 176 12489.8 -719.833 -6157.15 37.5085 1 1 1
S 302.754 18100 1 1 0 176 12501 -720.112 -6142.55 37.5085 1 1 1
S 303.088 18120 1 1 0 176 12512.2 -720.391 -6128 37.5085 1 1 1
S 303.421 18140 1 1 0 176 12523.4 -720.669 -6113.45 37.5085 1 1 1
S 303.755 18160 1 1 0 176 12534.5 -720.947 -6098.9 37.5085 1 1 1
S 304.088 18180 1 1 0 176 12545.7 -721.226 -6084.35 37.5085 1 1 1
S 304.422 18200 1 1 0 176 12556.9 -721.505 -6069.77 37.5085 1 1 1
S 304.756 18220 1 1 0 176 12568.1 -721.783 -6055.23 37.5085 1 1 1
S 305.09 18240 1 1 0 176 12579.2 -722.062 -6040.66 37.5085 1 1 1
S 305.424 18260 1 1 0 176 12590.4 -722.34 -6026.08 37.5085 1 1 1
S 305.757 18280 1 1 0 176 12601.6 -722.619 -6011.54 37.5085 1 1 1
S 306.091 18300 1 1 0 176 12612.8 -722.897 -5996.96 37.5085 1 1 1
S 306.425 18320 1 1 0 177 12623 -723.078 -5981.76 32.86 1 1 1
S 306.758 18340 1 1 0 177 12633 -723.227 -5966.36 32.86 1 1 1
S 307.092 18360 1 1 0 177 12642.9 -723.377 -5950.94 32.86 1 1 1
S 307.425 18380 1 1 0 177 12652.9 -723.527 -5935.54 32.86 1 1 1
S 307.76 18400 1 1 0 177 12662.9 -723.677 -5920.1 32.86 1 1 1
S 308.095 18420 1 1 0 177 12672.9 -723.827 -5904.58 32.86 1 1 1
S 308.43 18440 1 1 0 177 12682.8 -723.977 -5889.15 32.86 1 1 1
S 308.763 18460 1 1 0 177 12692.8 -724.127 -5873.75 32.86 1 1 1
S 309.098 18480 1 1 0 177 12702.8 -724.277 -5858.28 32.86 1 1 1
S 309.431 18500 1 1 0 177 12712.7 -724.427 -5842.87 32.86 1 1 1
S 309.765 18520 1 1 0 177 12722.7 -724.577 -5827.47 32.86 1 1 1
S 310.099 18540 1 1 0 177 12732.7 -724.727 -5812.02 32.86 1 1 1
S 310.433 18560 1 1 0 177 12742.6 -724.877 -5796.57 32.86 1 1 1
S 310.768 18580 1 1 0 177 12752.6 -725.027 -5781.1 32.86 1 1 1
S 311.102 18600 1 1 0 177 12762.6 -725.177 -5765.69 32.86 1 1 1
S 311.435 18620 1 1 0 177 12772.5 -725.327 -5750.28 32.86 1 1 1
S 311.769 18640 1 1 0 177 12782.5 -725.476 -5734.87 32.86 1 1 1
S 312.103 18660 1 1 0 177 12792.5 -725.626 -5719.45 32.86 1 1 1
S 312.437 18680 1 1 0 177 12802.4 -725.776 -5704 32.86 1 1 1
S 312.771 18700 1 1 0 177 12812.4 -725.926 -5688.57 32.86 1 1 1
S 313.105 18720 1 1 0 177 12822.4 -726.076 -5673.14 32.86 1 1 1
S 313.44 18740 1 1 0 177 12832.4 -726.227 -5657.67 32.86 1 1 1
S 313.774 18760 1 1 0 177 12842.3 -726.377 -5642.22 32.86 1 1 1
S 314.109 18780 1 1 0 178 12852.1 -726.491 -5626.67 30.3999 1 1 1
S 314.443 18800 1 1 0 178 12861.4 -726.507 -5610.81 30.3999 1 1 1
S 314.778 18820 1 1 0 178 12870.8 -726.523 -5594.92 30.3999 1 1 1
S 315.113 18840 1 1 0 178 12880.1 -726.539 -5579.05 30.3999 1 1 1
S 315.447 18860 1 1 0 178 12889.4 -726.555 -5563.19 30.3999 1 1 1
S 315.781 18880 1 1 0 178 12898.7 -726.571 -5547.33 30.3999 1 1 1
S 316.115 18900 1 1 0 178 12908 -726.587 -5531.47 30.3999 1 1 1
S 316.45 18920 1 1 0 178 12917.3 -726.603 -5515.6 30.3999 1 1 1
S 316.785 18940 1 1 0 178 12926.6 -726.619 -5499.73 30.3999 1 1 1
S 317.12 18960 1 1 0 178 12935.9 -726.635 -5483.83 30.3999 1 1 1
S 317.453 18980 1 1 0 178 12945.2 -726.651 -5468 30.3999 1 1 1
S 317.788 19000 1 1 0 178 12954.5 -726.667 -5452.15 30.3999 1 1 1
S 318.121 19020 1 1 0 178 12963.8 -726.683 -5436.33 30.3999 1 1 1
S 318.455 19040 1 1 0 178 12973.1 -726.699 -5420.5 30.3999 1 1 1
S 318.789 19060 1 1 0 178 12982.4 -726.715 -5404.66 30.3999 1 1 1
S 319.122 19080 1 1 0 178 12991.7 -726.73 -5388.83 30.3999 1 1 1
S 319.456 19100 1 1 0 178 13001 -726.746 -5372.99 30.3999 1 1 1
S 319.79 19120 1 1 0 178 13010.2 -726.762 -5357.17 30.3999 1 1 1
S 320.124 19140 1 1 0 178 13019.5 -726.778 -5341.32 30.3999 1 1 1
S 320.457 19160 1 1 0 179 13028.8 -726.808 -5325.47 29.3522 1 1 1
S 320.792 19180 1 1 0 179 13037.8 -726.896 -5309.41 29.3522 1 1 1
S 321.126 19200 1 1 0 179 13046.8 -726.983 -5293.43 29.3522 1 1 1
S 321.46 19220 1 1 0 179 13055.8 -727.071 -5277.38 29.3522 1 1 1
S 321.795 19240 1 1 0 179 13064.8 -727.159 -5261.33 29.3522 1 1 1
S 322.129 19260 1 1 0 179 13073.8 -727.246 -5245.34 29.3522 1 1 1
S 322.463 19280 1 1 0 179 13082.9 -727.334 -5229.3 29.3522 1 1 1
S 322.798 19300 1 1 0 179 13091.9 -727.422 -5213.27 29.3522 1 1 1
S 323.131 19320 1 1 0 179 13100.9 -727.509 -5197.28 29.3522 1 1 1
S 323.465 19340 1 1 0 179 13109.9 -727.597 -5181.28 29.3522 1 1 1
S 323.799 19360 1 1 0 179 13118.9 -727.684 -5165.26 29.3522 1 1 1
S 324.133 19380 1 1 0 179 13127.9 -727.772 -5149.24 29.3522 1 1 1
S 324.468 19400 1 1 0 179 13136.9 -727.86 -5133.2 29.3522 1 1 1
S 324.802 19420 1 1 0 179 13145.9 -727.948 -5117.17 29.3522 1 1 1
S 325.136 19440 1 1 0 180 13154.8 -728.019 -5101.16 28.9368 1 1 1
S 325.47 19460 1 1 0 180 13163.7 -728.076 -5085.08 28.9368 1 1 1
S 325.803 19480 1 1 0 180 13172.6 -728.133 -5069.03 28.9368 1 1 1
S 326.139 19500 1 1 0 180 13181.5 -728.19 -5052.92 28.9368 1 1 1
S 326.471 19520 1 1 0 180 13190.4 -728.247 -5036.87 28.9368 1 1 1
S 326.805 19540 1 1 0 180 13199.3 -728.304 -5020.83 28.9368 1 1 1
S 327.138 19560 1 1 0 180 13208.1 -728.361 -5004.78 28.9368 1 1 1
S 327.472 19580 1 1 0 180 13217 -728.418 -4988.71 28.9368 1 1 1
S 327.805 19600 1 1 0 180 13225.9 -728.475 -4972.66 28.9368 1 1 1
S 328.14 19620 1 1 0 180 13234.8 -728.532 -4956.57 28.9368 1 1 1
S 328.473 19640 1 1 0 180 13243.7 -728.589 -4940.51 28.9368 1 1 1
S 328.807 19660 1 1 0 180 13252.5 -728.646 -4924.46 28.9368 1 1 1
S 329.14 19680 1 1 0 180 13261.4 -728.703 -4908.42 28.9368 1 1 1
S 329.474 19700 1 1 0 180 13270.3 -728.76 -4892.34 28.9368 1 1 1
S 329.811 19720 1 1 0 181 13279.3 -728.837 -4876.18 29.4744 1 1 1
S 330.144 19740 1 1 0 181 13288.3 -728.939 -4860.2 29.4744 1 1 1
S 330.479 19760 1 1 0 181 13297.4 -729.041 -4844.17 29.4744 1 1 1
S 330.813 19780 1 1 0 181 13306.4 -729.142 -4828.2 29.4744 1 1 1
S 331.147 19800 1 1 0 181 13315.5 -729.244 -4812.19 29.4744 1 1 1
S 331.481 19820 1 1 0 181 13324.5 -729.345 -4796.19 29.4744 1 1 1
S 331.815 19840 1 1 0 181 13333.5 -729.447 -4780.23 29.4744 1 1 1
S 332.148 19860 1 1 0 181 13342.6 -729.548 -4764.24 29.4744 1 1 1
S 332.483 19880 1 1 0 181 13351.6 -729.65 -4748.22 29.4744 1 1 1
S 332.817 19900 1 1 0 181 13360.7 -729.751 -4732.22 29.4744 1 1 1
S 333.151 19920 1 1 0 181 13369.7 -729.853 -4716.26 29.4744 1 1 1
S 333.484 19940 1 1 0 181 13378.7 -729.954 -4700.28 29.4744 1 1 1
S 333.818 19960 1 1 0 181 13387.8 -730.055 -4684.32 29.4744 1 1 1
S 334.152 19980 1 1 0 181 13396.8 -730.157 -4668.34 29.4744 1 1 1
S 334.486 20000 1 1 0 182 13405.8 -730.265 -4652.31 28.6065 1 1 1
S 334.82 20020 1 1 0 182 13414.6 -730.422 -4636.19 28.6065 1 1 1
S 335.153 20040 1 1 0 182 13423.4 -730.58 -4620.09 28.6065 1 1 1
S 335.486 20060 1 1 0 182 13432.2 -730.737 -4603.99 28.6065 1 1 1
S 335.82 20080 1 1 0 182 13440.9 -730.895 -4587.88 28.6065 1 1 1
S 336.154 20100 1 1 0 182 13449.7 -731.052 -4571.78 28.6065 1 1 1
S 336.487 20120 1 1 0 182 13458.5 -731.21 -4555.67 28.6065 1 1 1
S 336.821 20140 1 1 0 182 13467.3 -731.367 -4539.57 28.6065 1 1 1
S 337.154 20160 1 1 0 182 13476.1 -731.525 -4523.47 28.6065 1 1 1
S 337.488 20180 1 1 0 182 13484.8 -731.682 -4507.37 28.6065 1 1 1
S 337.821 20200 1 1 0 182 13493.6 -731.839 -4491.25 28.6065 1 1 1
S 338.156 20220 1 1 0 182 13502.4 -731.997 -4475.11 28.6065 1 1 1
S 338.489 20240 1 1 0 182 13511.2 -732.155 -4459.01 28.6065 1 1 1
S 338.823 20260 1 1 0 182 13520 -732.312 -4442.91 28.6065 1 1 1
S 339.156 20280 1 1 0 182 13528.8 -732.47 -4426.8 28.6065 1 1 1
S 339.49 20300 1 1 0 183 13536.6 -732.538 -4410.23 24.1285 1 1 1
S 339.826 20320 1 1 0 183 13544.2 -732.578 -4393.35 24.1285 1 1 1
S 340.159 20340 1 1 0 183 13551.7 -732.618 -4376.6 24.1285 1 1 1
S 340.494 20360 1 1 0 183 13559.2 -732.658 -4359.8 24.1285 1 1 1
S 340.829 20380 1 1 0 183 13566.7 -732.698 -4342.99 24.1285 1 1 1
S 341.163 20400 1 1 0 183 13574.2 -732.738 -4326.22 24.1285 1 1 1
S 341.497 20420 1 1 0 183 13581.7 -732.777 -4309.48 24.1285 1 1 1
S 341.831 20440 1 1 0 183 13589.2 -732.817 -4292.69 24.1285 1 1 1
S 342.165 20460 1 1 0 183 13596.7 -732.857 -4275.95 24.1285 1 1 1
S 342.498 20480 1 1 0 183 13604.2 -732.896 -4259.21 24.1285 1 1 1
S 342.832 20500 1 1 0 183 13611.8 -732.936 -4242.45 24.1285 1 1 1
S 343.166 20520 1 1 0 183 13619.3 -732.976 -4225.68 24.1285 1 1 1
S 343.501 20540 1 1 0 183 13626.8 -733.016 -4208.87 24.1285 1 1 1
S 343.835 20560 1 1 0 183 13634.3 -733.056 -4192.11 24.1285 1 1 1
S 344.168 20580 1 1 0 184 13641.9 -733.125 -4175.43 26.3612 1 1 1
S 344.502 20600 1 1 0 184 13650.1 -733.323 -4159 26.3612 1 1 1
S 344.835 20620 1 1 0 184 13658.2 -733.521 -4142.56 26.3612 1 1 1
S 345.169 20640 1 1 0 184 13666.4 -733.72 -4126.1 26.3612 1 1 1
S 345.503 20660 1 1 0 184 13674.5 -733.918 -4109.67 26.3612 1 1 1
S 345.837 20680 1 1 0 184 13682.7 -734.117 -4093.21 26.3612 1 1 1
S 346.17 20700 1 1 0 184 13690.8 -734.315 -4076.78 26.3612 1 1 1
S 346.504 20720 1 1 0 184 13698.9 -734.514 -4060.35 26.3612 1 1 1
S 346.837 20740 1 1 0 184 13707.1 -734.712 -4043.9 26.3612 1 1 1
S 347.171 20760 1 1 0 184 13715.2 -734.911 -4027.45 26.3612 1 1 1
S 347.505 20780 1 1 0 184 13723.4 -735.109 -4011.03 26.3612 1 1 1
S 347.838 20800 1 1 0 184 13731.5 -735.307 -3994.6 26.3612 1 1 1
S 348.171 20820 1 1 0 184 13739.7 -735.505 -3978.17 26.3612 1 1 1
S 348.505 20840 1 1 0 184 13747.8 -735.704 -3961.75 26.3612 1 1 1
S 348.838 20860 1 1 0 184 13756 -735.902 -3945.3 26.3612 1 1 1
S 349.173 20880 1 1 0 185 13764.5 -736.074 -3929.05 30.3907 1 1 1
S 349.506 20900 1 1 0 185 13773.8 -736.199 -3913.24 30.3907 1 1 1
S 349.841 20920 1 1 0 185 13783.1 -736.325 -3897.34 30.3907 1 1 1
S 350.176 20940 1 1 0 185 13792.4 -736.45 -3881.46 30.3907 1 1 1
S 350.511 20960 1 1 0 185 13801.8 -736.576 -3865.56 30.3907 1 1 1
S 350.845 20980 1 1 0 185 13811 -736.701 -3849.74 30.3907 1 1 1
S 351.179 21000 1 1 0 185 13820.4 -736.826 -3833.87 30.3907 1 1 1
S 351.513 21020 1 1 0 185 13829.6 -736.951 -3818.04 30.3907 1 1 1
S 351.848 21040 1 1 0 185 13839 -737.077 -3802.13 30.3907 1 1 1
S 352.182 21060 1 1 0 185 13848.3 -737.202 -3786.29 30.3907 1 1 1
S 352.515 21080 1 1 0 185 13857.5 -737.327 -3770.47 30.3907 1 1 1
S 352.849 21100 1 1 0 185 13866.8 -737.452 -3754.63 30.3907 1 1 1
S 353.184 21120 1 1 0 185 13876.1 -737.577 -3738.78 30.3907 1 1 1
S 353.517 21140 1 1 0 185 13885.4 -737.702 -3722.95 30.3907 1 1 1
S 353.852 21160 1 1 0 185 13894.7 -737.828 -3707.05 30.3907 1 1 1
S 354.186 21180 1 1 0 185 13904 -737.953 -3691.19 30.3907 1 1 1
S 354.52 21200 1 1 0 185 13913.3 -738.078 -3675.36 30.3907 1 1 1
S 354.854 21220 1 1 0 185 13922.6 -738.203 -3659.51 30.3907 1 1 1
S 355.188 21240 1 1 0 185 13931.9 -738.328 -3643.69 30.3907 1 1 1
S 355.521 21260 1 1 0 186 13941.1 -738.442 -3627.86 29.0583 1 1 1
S 355.855 21280 1 1 0 186 13950 -738.446 -3611.83 29.0583 1 1 1
S 356.188 21300 1 1 0 186 13958.9 -738.45 -3595.8 29.0583 1 1 1
S 356.521 21320 1 1 0 186 13967.9 -738.454 -3579.76 29.0583 1 1 1
S 356.856 21340 1 1 0 186 13976.8 -738.458 -3563.67 29.0583 1 1 1
S 357.192 21360 1 1 0 186 13985.8 -738.462 -3547.55 29.0583 1 1 1
S 357.526 21380 1 1 0 186 13994.7 -738.466 -3531.46 29.0583 1 1 1
S 357.861 21400 1 1 0 186 14003.6 -738.47 -3515.37 29.0583 1 1 1
S 358.194 21420 1 1 0 186 14012.5 -738.474 -3499.33 29.0583 1 1 1
S 358.528 21440 1 1 0 186 14021.5 -738.478 -3483.29 29.0583 1 1 1
S 358.862 21460 1 1 0 186 14030.4 -738.482 -3467.26 29.0583 1 1 1
S 359.196 21480 1 1 0 186 14039.3 -738.486 -3451.19 29.0583 1 1 1
S 359.531 21500 1 1 0 186 14048.3 -738.49 -3435.06 29.0583 1 1 1
S 359.867 21520 1 1 0 186 14057.2 -738.494 -3418.93 29.0583 1 1 1
S 360.201 21540 1 1 0 186 14066.2 -738.498 -3402.86 29.0583 1 1 1
S 360.535 21560 1 1 0 186 14075.1 -738.502 -3386.8 29.0583 1 1 1
S 360.868 21580 1 1 0 186 14084 -738.506 -3370.77 29.0583 1 1 1
S 361.202 21600 1 1 0 186 14092.9 -738.51 -3354.74 29.0583 1 1 1
S 361.536 21620 1 1 0 186 14101.8 -738.514 -3338.65 29.0583 1 1 1
S 361.87 21640 1 1 0 186 14110.7 -738.518 -3322.61 29.0583 1 1 1
S 362.203 21660 1 1 0 186 14119.6 -738.522 -3306.59 29.0583 1 1 1
S 362.537 21680 1 1 0 186 14128.6 -738.526 -3290.54 29.0583 1 1 1
S 362.871 21700 1 1 0 186 14137.5 -738.529 -3274.49 29.0583 1 1 1
S 363.205 21720 1 1 0 187 14146.2 -738.458 -3258.35 28.2996 1 1 1
S 363.539 21740 1 1 0 187 14154.9 -738.38 -3242.16 28.2996 1 1 1
S 363.875 21760 1 1 0 187 14163.7 -738.302 -3225.92 28.2996 1 1 1
S 364.208 21780 1 1 0 187 14172.4 -738.224 -3209.77 28.2996 1 1 1
S 364.543 21800 1 1 0 187 14181.1 -738.146 -3193.54 28.2996 1 1 1
S 364.877 21820 1 1 0 187 14189.8 -738.069 -3177.38 28.2996 1 1 1
S 365.211 21840 1 1 0 187 14198.5 -737.991 -3161.17 28.2996 1 1 1
S 365.546 21860 1 1 0 187 14207.3 -737.912 -3144.94 28.2996 1 1 1
S 365.88 21880 1 1 0 187 14216 -737.835 -3128.77 28.2996 1 1 1
S 366.214 21900 1 1 0 187 14224.7 -737.757 -3112.61 28.2996 1 1 1
S 366.549 21920 1 1 0 187 14233.4 -737.679 -3096.39 28.2996 1 1 1
S 366.883 21940 1 1 0 187 14242.1 -737.601 -3080.2 28.2996 1 1 1
S 367.217 21960 1 1 0 187 14250.8 -737.523 -3064.04 28.2996 1 1 1
S 367.552 21980 1 1 0 187 14259.5 -737.445 -3047.84 28.2996 1 1 1
S 367.885 22000 1 1 0 187 14268.2 -737.367 -3031.69 28.2996 1 1 1
S 368.219 22020 1 1 0 187 14276.9 -737.289 -3015.53 28.2996 1 1 1
S 368.552 22040 1 1 0 187 14285.6 -737.212 -2999.39 28.2996 1 1 1
S 368.887 22060 1 1 0 187 14294.3 -737.134 -2983.23 28.2996 1 1 1
S 369.22 22080 1 1 0 187 14303 -737.056 -2967.04 28.2996 1 1 1
S 369.554 22100 1 1 0 187 14311.7 -736.978 -2950.89 28.2996 1 1 1
S 369.888 22120 1 1 0 188 14320.4 -736.9 -2934.64 27.6632 1 1 1
S 370.223 22140 1 1 0 188 14328.9 -736.822 -2918.37 27.6632 1 1 1
S 370.559 22160 1 1 0 188 14337.5 -736.743 -2901.98 27.6632 1 1 1
S 370.893 22180 1 1 0 188 14346 -736.665 -2885.7 27.6632 1 1 1
S 371.227 22200 1 1 0 188 14354.6 -736.587 -2869.42 27.6632 1 1 1
S 371.561 22220 1 1 0 188 14363.1 -736.509 -2853.15 27.6632 1 1 1
S 371.896 22240 1 1 0 188 14371.6 -736.431 -2836.89 27.6632 1 1 1
S 372.23 22260 1 1 0 188 14380.2 -736.352 -2820.57 27.6632 1 1 1
S 372.564 22280 1 1 0 188 14388.7 -736.274 -2804.28 27.6632 1 1 1
S 372.898 22300 1 1 0 188 14397.2 -736.196 -2788.03 27.6632 1 1 1
S 373.232 22320 1 1 0 188 14405.8 -736.118 -2771.78 27.6632 1 1 1
S 373.565 22340 1 1 0 188 14414.3 -736.04 -2755.52 27.6632 1 1 1
S 373.899 22360 1 1 0 188 14422.8 -735.962 -2739.28 27.6632 1 1 1
S 374.232 22380 1 1 0 188 14431.3 -735.884 -2723.02 27.6632 1 1 1
S 374.566 22400 1 1 0 188 14439.8 -735.806 -2706.78 27.6632 1 1 1
S 374.9 22420 1 1 0 188 14448.4 -735.728 -2690.51 27.6632 1 1 1
S 375.234 22440 1 1 0 188 14456.9 -735.649 -2674.22 27.6632 1 1 1
S 375.568 22460 1 1 0 188 14465.4 -735.571 -2657.95 27.6632 1 1 1
S 375.902 22480 1 1 0 188 14473.9 -735.493 -2641.71 27.6632 1 1 1
S 376.235 22500 1 1 0 188 14482.4 -735.415 -2625.46 27.6632 1 1 1
S 376.569 22520 1 1 0 188 14491 -735.337 -2609.21 27.6632 1 1 1
S 376.903 22540 1 1 0 189 14499.3 -735.327 -2592.82 26.7681 1 1 1
S 377.237 22560 1 1 0 189 14507.6 -735.329 -2576.41 26.7681 1 1 1
S 377.571 22580 1 1 0 189 14515.8 -735.331 -2559.99 26.7681 1 1 1
S 377.907 22600 1 1 0 189 14524.1 -735.332 -2543.54 26.7681 1 1 1
S 378.241 22620 1 1 0 189 14532.4 -735.334 -2527.1 26.7681 1 1 1
S 378.576 22640 1 1 0 189 14540.7 -735.336 -2510.68 26.7681 1 1 1
S 378.909 22660 1 1 0 189 14549 -735.338 -2494.31 26.7681 1 1 1
S 379.243 22680 1 1 0 189 14557.2 -735.339 -2477.92 26.7681 1 1 1
S 379.577 22700 1 1 0 189 14565.5 -735.341 -2461.5 26.7681 1 1 1
S 379.913 22720 1 1 0 189 14573.8 -735.343 -2445.02 26.7681 1 1 1
S 380.247 22740 1 1 0 189 14582.1 -735.345 -2428.59 26.7681 1 1 1
S 380.582 22760 1 1 0 189 14590.4 -735.346 -2412.18 26.7681 1 1 1
S 380.917 22780 1 1 0 189 14598.7 -735.348 -2395.69 26.7681 1 1 1
S 381.252 22800 1 1 0 189 14607 -735.35 -2379.27 26.7681 1 1 1
S 381.585 22820 1 1 0 189 14615.3 -735.352 -2362.9 26.7681 1 1 1
S 381.919 22840 1 1 0 189 14623.5 -735.353 -2346.51 26.7681 1 1 1
S 382.252 22860 1 1 0 189 14631.8 -735.355 -2330.13 26.7681 1 1 1
S 382.586 22880 1 1 0 189 14640 -735.357 -2313.77 26.7681 1 1 1
S 382.92 22900 1 1 0 189 14648.3 -735.359 -2297.36 26.7681 1 1 1
S 383.255 22920 1 1 0 189 14656.6 -735.36 -2280.91 26.7681 1 1 1
S 383.59 22940 1 1 0 190 14664.9 -735.362 -2264.42 26.6087 1 1 1
S 383.925 22960 1 1 0 190 14673.1 -735.362 -2247.97 26.6087 1 1 1
S 384.259 22980 1 1 0 190 14681.4 -735.363 -2231.52 26.6087 1 1 1
S 384.593 23000 1 1 0 190 14689.6 -735.364 -2215.13 26.6087 1 1 1
S 384.927 23020 1 1 0 190 14697.8 -735.365 -2198.67 26.6087 1 1 1
S 385.261 23040 1 1 0 190 14706.1 -735.366 -2182.26 26.6087 1 1 1
S 385.596 23060 1 1 0 190 14714.3 -735.367 -2165.8 26.6087 1 1 1
S 385.929 23080 1 1 0 190 14722.5 -735.368 -2149.39 26.6087 1 1 1
S 386.265 23100 1 1 0 190 14730.8 -735.369 -2132.91 26.6087 1 1 1
S 386.598 23120 1 1 0 190 14739 -735.37 -2116.51 26.6087 1 1 1
S 386.932 23140 1 1 0 190 14747.2 -735.371 -2100.09 26.6087 1 1 1
S 387.266 23160 1 1 0 190 14755.4 -735.372 -2083.69 26.6087 1 1 1
S 387.6 23180 1 1 0 190 14763.7 -735.373 -2067.26 26.6087 1 1 1
S 387.934 23200 1 1 0 190 14771.9 -735.374 -2050.82 26.6087 1 1 1
S 388.268 23220 1 1 0 190 14780.1 -735.375 -2034.41 26.6087 1 1 1
S 388.602 23240 1 1 0 190 14788.4 -735.376 -2017.99 26.6087 1 1 1
S 388.936 23260 1 1 0 190 14796.6 -735.377 -2001.56 26.6087 1 1 1
S 389.27 23280 1 1 0 190 14804.8 -735.378 -1985.13 26.6087 1 1 1
S 389.603 23300 1 1 0 191 14813.2 -735.379 -1968.83 27.3431 1 1 1
S 389.937 23320 1 1 0 191 14821.6 -735.38 -1952.53 27.3431 1 1 1
S 390.272 23340 1 1 0 191 14830.1 -735.381 -1936.16 27.3431 1 1 1
S 390.606 23360 1 1 0 191 14838.5 -735.382 -1919.82 27.3431 1 1 1
S 390.94 23380 1 1 0 191 14847 -735.383 -1903.5 27.3431 1 1 1
S 391.274 23400 1 1 0 191 14855.4 -735.384 -1887.18 27.3431 1 1 1
S 391.608 23420 1 1 0 191 14863.8 -735.385 -1870.86 27.3431 1 1 1
S 391.943 23440 1 1 0 191 14872.3 -735.386 -1854.53 27.3431 1 1 1
S 392.277 23460 1 1 0 191 14880.7 -735.387 -1838.21 27.3431 1 1 1
S 392.611 23480 1 1 0 191 14889.2 -735.388 -1821.88 27.3431 1 1 1
S 392.947 23500 1 1 0 191 14897.7 -735.389 -1805.47 27.3431 1 1 1
S 393.28 23520 1 1 0 191 14906.1 -735.39 -1789.17 27.3431 1 1 1
S 393.614 23540 1 1 0 191 14914.5 -735.391 -1772.87 27.3431 1 1 1
S 393.948 23560 1 1 0 191 14923 -735.392 -1756.53 27.3431 1 1 1
S 394.282 23580 1 1 0 191 14931.4 -735.393 -1740.22 27.3431 1 1 1
S 394.616 23600 1 1 0 191 14939.8 -735.394 -1723.91 27.3431 1 1 1
S 394.95 23620 1 1 0 191 14948.3 -735.395 -1707.6 27.3431 1 1 1
S 395.284 23640 1 1 0 191 14956.7 -735.396 -1691.28 27.3431 1 1 1
S 395.617 23660 1 1 0 192 14965.2 -735.399 -1675.05 27.7213 1 1 1
S 395.951 23680 1 1 0 192 14973.8 -735.401 -1658.8 27.7213 1 1 1
S 396.285 23700 1 1 0 192 14982.3 -735.404 -1642.56 27.7213 1 1 1
S 396.618 23720 1 1 0 192 14990.8 -735.407 -1626.32 27.7213 1 1 1
S 396.953 23740 1 1 0 192 14999.4 -735.41 -1610.06 27.7213 1 1 1
S 397.286 23760 1 1 0 192 15007.9 -735.412 -1593.82 27.7213 1 1 1
S 397.62 23780 1 1 0 192 15016.5 -735.415 -1577.55 27.7213 1 1 1
S 397.954 23800 1 1 0 192 15025 -735.418 -1561.29 27.7213 1 1 1
S 398.29 23820 1 1 0 192 15033.6 -735.421 -1544.91 27.7213 1 1 1
S 398.624 23840 1 1 0 192 15042.2 -735.424 -1528.65 27.7213 1 1 1
S 398.958 23860 1 1 0 192 15050.7 -735.426 -1512.39 27.7213 1 1 1
S 399.292 23880 1 1 0 192 15059.2 -735.429 -1496.16 27.7213 1 1 1
S 399.626 23900 1 1 0 192 15067.8 -735.432 -1479.89 27.7213 1 1 1
S 399.96 23920 1 1 0 192 15076.3 -735.435 -1463.63 27.7213 1 1 1
S 400.295 23940 1 1 0 192 15084.9 -735.437 -1447.32 27.7213 1 1 1
S 400.628 23960 1 1 0 192 15093.4 -735.44 -1431.08 27.7213 1 1 1
S 400.963 23980 1 1 0 192 15102 -735.443 -1414.79 27.7213 1 1 1
S 401.297 24000 1 1 0 192 15110.5 -735.446 -1398.54 27.7213 1 1 1
S 401.63 24020 1 1 0 192 15119.1 -735.449 -1382.3 27.7213 1 1 1
S 401.964 24040 1 1 0 193 15127.7 -735.102 -1366.1 28.1656 1 1 1
S 402.298 24060 1 1 0 193 15136.4 -734.739 -1349.94 28.1656 1 1 1
S 402.632 24080 1 1 0 193 15145 -734.374 -1333.75 28.1656 1 1 1
S 402.965 24100 1 1 0 193 15153.7 -734.01 -1317.58 28.1656 1 1 1
S 403.299 24120 1 1 0 193 15162.4 -733.646 -1301.41 28.1656 1 1 1
S 403.633 24140 1 1 0 193 15171 -733.281 -1285.2 28.1656 1 1 1
S 403.967 24160 1 1 0 193 15179.7 -732.917 -1269.02 28.1656 1 1 1
S 404.3 24180 1 1 0 193 15188.4 -732.554 -1252.86 28.1656 1 1 1
S 404.634 24200 1 1 0 193 15197 -732.19 -1236.7 28.1656 1 1 1
S 404.967 24220 1 1 0 193 15205.7 -731.826 -1220.53 28.1656 1 1 1
S 405.301 24240 1 1 0 193 15214.3 -731.462 -1204.35 28.1656 1 1 1
S 405.637 24260 1 1 0 193 15223 -731.096 -1188.07 28.1656 1 1 1
S 405.973 24280 1 1 0 193 15231.8 -730.729 -1171.79 28.1656 1 1 1
S 406.306 24300 1 1 0 193 15240.4 -730.365 -1155.63 28.1656 1 1 1
S 406.64 24320 1 1 0 193 15249.1 -730.001 -1139.43 28.1656 1 1 1
S 406.975 24340 1 1 0 193 15257.8 -729.636 -1123.21 28.1656 1 1 1
S 407.309 24360 1 1 0 193 15266.4 -729.271 -1107.01 28.1656 1 1 1
S 407.642 24380 1 1 0 193 15275.1 -728.907 -1090.84 28.1656 1 1 1
S 407.977 24400 1 1 0 194 15283.9 -728.462 -1074.68 28.726 1 1 1
S 408.31 24420 1 1 0 194 15292.7 -727.953 -1058.6 28.726 1 1 1
S 408.644 24440 1 1 0 194 15301.5 -727.443 -1042.49 28.726 1 1 1
S 408.979 24460 1 1 0 194 15310.4 -726.932 -1026.37 28.726 1 1 1
S 409.313 24480 1 1 0 194 15319.2 -726.422 -1010.23 28.726 1 1 1
S 409.649 24500 1 1 0 194 15328.1 -725.91 -994.072 28.726 1 1 1
S 409.983 24520 1 1 0 194 15336.9 -725.4 -977.949 28.726 1 1 1
S 410.316 24540 1 1 0 194 15345.7 -724.891 -961.878 28.726 1 1 1
S 410.651 24560 1 1 0 194 15354.5 -724.381 -945.762 28.726 1 1 1
S 410.984 24580 1 1 0 194 15363.3 -723.872 -929.677 28.726 1 1 1
S 411.318 24600 1 1 0 194 15372.2 -723.362 -913.584 28.726 1 1 1
S 411.652 24620 1 1 0 194 15381 -722.852 -897.467 28.726 1 1 1
S 411.987 24640 1 1 0 194 15389.8 -722.342 -881.355 28.726 1 1 1
S 412.322 24660 1 1 0 194 15398.7 -721.831 -865.195 28.726 1 1 1
S 412.656 24680 1 1 0 194 15407.5 -721.321 -849.087 28.726 1 1 1
S 412.991 24700 1 1 0 194 15416.4 -720.81 -832.947 28.726 1 1 1
S 413.325 24720 1 1 0 194 15425.2 -720.3 -816.834 28.726 1 1 1
S 413.659 24740 1 1 0 194 15434 -719.791 -800.743 28.726 1 1 1
S 413.993 24760 1 1 0 195 15442.8 -719.444 -784.585 28.5319 1 1 1
S 414.327 24780 1 1 0 195 15451.6 -719.113 -768.438 28.5319 1 1 1
S 414.661 24800 1 1 0 195 15460.3 -718.782 -752.331 28.5319 1 1 1
S 414.995 24820 1 1 0 195 15469.1 -718.451 -736.207 28.5319 1 1 1
S 415.33 24840 1 1 0 195 15477.9 -718.119 -720.014 28.5319 1 1 1
S 415.664 24860 1 1 0 195 15486.7 -717.788 -703.886 28.5319 1 1 1
S 415.998 24880 1 1 0 195 15495.5 -717.457 -687.744 28.5319 1 1 1
S 416.332 24900 1 1 0 195 15504.2 -717.126 -671.612 28.5319 1 1 1
S 416.665 24920 1 1 0 195 15513 -716.796 -655.507 28.5319 1 1 1
S 416.999 24940 1 1 0 195 15521.8 -716.465 -639.368 28.5319 1 1 1
S 417.332 24960 1 1 0 195 15530.5 -716.134 -623.261 28.5319 1 1 1
S 417.667 24980 1 1 0 195 15539.3 -715.803 -607.099 28.5319 1 1 1
S 418 25000 1 1 0 195 15548.1 -715.472 -590.994 28.5319 1 1 1
S 418.334 25020 1 1 0 195 15556.8 -715.141 -574.861 28.5319 1 1 1
S 418.668 25040 1 1 0 195 15565.6 -714.81 -558.741 28.5319 1 1 1
S 419.001 25060 1 1 0 196 15574.3 -714.528 -542.576 27.9831 1 1 1
S 419.338 25080 1 1 0 196 15582.9 -714.289 -526.258 27.9831 1 1 1
S 419.673 25100 1 1 0 196 15591.6 -714.051 -509.986 27.9831 1 1 1
S 420.008 25120 1 1 0 196 15600.2 -713.813 -493.714 27.9831 1 1 1
S 420.342 25140 1 1 0 196 15608.8 -713.576 -477.515 27.9831 1 1 1
S 420.675 25160 1 1 0 196 15617.5 -713.338 -461.311 27.9831 1 1 1
S 421.009 25180 1 1 0 196 15626.1 -713.101 -445.091 27.9831 1 1 1
S 421.342 25200 1 1 0 196 15634.7 -712.864 -428.892 27.9831 1 1 1
S 421.676 25220 1 1 0 196 15643.3 -712.626 -412.675 27.9831 1 1 1
S 422.01 25240 1 1 0 196 15651.9 -712.389 -396.465 27.9831 1 1 1
S 422.344 25260 1 1 0 196 15660.5 -712.151 -380.235 27.9831 1 1 1
S 422.678 25280 1 1 0 196 15669.1 -711.914 -364.046 27.9831 1 1 1
S 423.013 25300 1 1 0 196 15677.8 -711.676 -347.764 27.9831 1 1 1
S 423.346 25320 1 1 0 196 15686.4 -711.438 -331.562 27.9831 1 1 1
S 423.68 25340 1 1 0 196 15695 -711.201 -315.373 27.9831 1 1 1
S 424.014 25360 1 1 0 197 15703.7 -711.006 -299.164 28.4933 1 1 1
S 424.348 25380 1 1 0 197 15712.4 -710.857 -283.043 28.4933 1 1 1
S 424.682 25400 1 1 0 197 15721.2 -710.708 -266.865 28.4933 1 1 1
S 425.017 25420 1 1 0 197 15730 -710.558 -250.688 28.4933 1 1 1
S 425.351 25440 1 1 0 197 15738.8 -710.409 -234.562 28.4933 1 1 1
S 425.684 25460 1 1 0 197 15747.5 -710.26 -218.443 28.4933 1 1 1
S 426.019 25480 1 1 0 197 15756.3 -710.111 -202.285 28.4933 1 1 1
S 426.352 25500 1 1 0 197 15765 -709.962 -186.161 28.4933 1 1 1
S 426.686 25520 1 1 0 197 15773.8 -709.812 -170.008 28.4933 1 1 1
S 427.022 25540 1 1 0 197 15782.6 -709.663 -153.8 28.4933 1 1 1
S 427.356 25560 1 1 0 197 15791.4 -709.513 -137.65 28.4933 1 1 1
S 427.69 25580 1 1 0 197 15800.1 -709.364 -121.494 28.4933 1 1 1
S 428.024 25600 1 1 0 197 15808.9 -709.215 -105.346 28.4933 1 1 1
S 428.357 25620 1 1 0 197 15817.6 -709.066 -89.2314 28.4933 1 1 1
S 428.691 25640 1 1 0 197 15826.4 -708.917 -73.1155 28.4933 1 1 1
S 429.024 25660 1 1 0 197 15835.1 -708.768 -57.0027 28.4933 1 1 1
S 429.358 25680 1 1 0 197 15843.9 -708.619 -40.8827 28.4933 1 1 1
S 429.692 25700 1 1 0 198 15852.7 -708.48 -24.7235 28.621 1 1 1
S 430.026 25720 1 1 0 198 15861.5 -708.389 -8.58877 28.621 1 1 1
S 430.361 25740 1 1 0 198 15870.3 -708.299 7.54825 28.621 1 1 1
S 430.694 25760 1 1 0 198 15879.1 -708.209 23.6615 28.621 1 1 1
S 431.029 25780 1 1 0 198 15887.9 -708.118 39.8142 28.621 1 1 1
S 431.363 25800 1 1 0 198 15896.7 -708.028 55.9612 28.621 1 1 1
S 431.698 25820 1 1 0 198 15905.5 -707.937 72.1425 28.621 1 1 1
S 432.032 25840 1 1 0 198 15914.3 -707.847 88.2366 28.621 1 1 1
S 432.366 25860 1 1 0 198 15923.1 -707.757 104.349 28.621 1 1 1
S 432.7 25880 1 1 0 198 15931.9 -707.667 120.482 28.621 1 1 1
S 433.034 25900 1 1 0 198 15940.7 -707.576 136.645 28.621 1 1 1
S 433.371 25920 1 1 0 198 15949.6 -707.485 152.89 28.621 1 1 1
S 433.706 25940 1 1 0 198 15958.4 -707.394 169.08 28.621 1 1 1
S 434.04 25960 1 1 0 198 15967.2 -707.304 185.212 28.621 1 1 1
S 434.374 25980 1 1 0 198 15976 -707.214 201.31 28.621 1 1 1
S 434.709 26000 1 1 0 198 15984.9 -707.123 217.502 28.621 1 1 1
S 435.043 26020 1 1 0 198 15993.6 -707.033 233.614 28.621 1 1 1
S 435.378 26040 1 1 0 198 16002.5 -706.943 249.765 28.621 1 1 1
S 435.711 26060 1 1 0 198 16011.2 -706.852 265.862 28.621 1 1 1
S 436.045 26080 1 1 0 198 16020 -706.762 281.99 28.621 1 1 1
S 436.38 26100 1 1 0 199 16028.8 -706.682 298.172 27.5562 1 1 1
S 436.713 26120 1 1 0 199 16037.3 -706.685 314.441 27.5562 1 1 1
S 437.047 26140 1 1 0 199 16045.8 -706.687 330.727 27.5562 1 1 1
S 437.381 26160 1 1 0 199 16054.3 -706.69 347.013 27.5562 1 1 1
S 437.715 26180 1 1 0 199 16062.8 -706.692 363.277 27.5562 1 1 1
S 438.048 26200 1 1 0 199 16071.3 -706.694 379.538 27.5562 1 1 1
S 438.382 26220 1 1 0 199 16079.8 -706.697 395.8 27.5562 1 1 1
S 438.715 26240 1 1 0 199 16088.3 -706.699 412.054 27.5562 1 1 1
S 439.049 26260 1 1 0 199 16096.8 -706.701 428.347 27.5562 1 1 1
S 439.383 26280 1 1 0 199 16105.2 -706.704 444.601 27.5562 1 1 1
S 439.719 26300 1 1 0 199 16113.8 -706.706 460.97 27.5562 1 1 1
S 440.053 26320 1 1 0 199 16122.3 -706.709 477.269 27.5562 1 1 1
S 440.387 26340 1 1 0 199 16130.8 -706.711 493.552 27.5562 1 1 1
S 440.72 26360 1 1 0 199 16139.3 -706.713 509.82 27.5562 1 1 1
S 441.055 26380 1 1 0 199 16147.8 -706.716 526.114 27.5562 1 1 1
S 441.389 26400 1 1 0 199 16156.3 -706.718 542.371 27.5562 1 1 1
S 441.723 26420 1 1 0 199 16164.8 -706.72 558.7 27.5562 1 1 1
S 442.056 26440 1 1 0 199 16173.3 -706.723 574.96 27.5562 1 1 1
S 442.39 26460 1 1 0 199 16181.8 -706.725 591.254 27.5562 1 1 1
S 442.725 26480 1 1 0 199 16190.3 -706.728 607.574 27.5562 1 1 1
S 443.059 26500 1 1 0 199 16198.8 -706.73 623.875 27.5562 1 1 1
S 443.396 26520 1 1 0 200 16207.3 -706.732 640.29 27.3397 1 1 1
S 443.729 26540 1 1 0 200 16215.8 -706.734 656.576 27.3397 1 1 1
S 444.064 26560 1 1 0 200 16224.2 -706.735 672.917 27.3397 1 1 1
S 444.397 26580 1 1 0 200 16232.6 -706.737 689.202 27.3397 1 1 1
S 444.731 26600 1 1 0 200 16241.1 -706.738 705.522 27.3397 1 1 1
S 445.065 26620 1 1 0 200 16249.5 -706.74 721.853 27.3397 1 1 1
S 445.4 26640 1 1 0 200 16258 -706.741 738.215 27.3397 1 1 1
S 445.734 26660 1 1 0 200 16266.4 -706.743 754.526 27.3397 1 1 1
S 446.069 26680 1 1 0 200 16274.9 -706.744 770.879 27.3397 1 1 1
S 446.404 26700 1 1 0 200 16283.3 -706.746 787.251 27.3397 1 1 1
S 446.738 26720 1 1 0 200 16291.8 -706.747 803.591 27.3397 1 1 1
S 447.072 26740 1 1 0 200 16300.2 -706.749 819.903 27.3397 1 1 1
S 447.407 26760 1 1 0 200 16308.6 -706.75 836.232 27.3397 1 1 1
S 447.741 26780 1 1 0 200 16317.1 -706.752 852.562 27.3397 1 1 1
S 448.075 26800 1 1 0 200 16325.5 -706.753 868.873 27.3397 1 1 1
S 448.409 26820 1 1 0 200 16334 -706.755 885.19 27.3397 1 1 1
S 448.743 26840 1 1 0 200 16342.4 -706.756 901.513 27.3397 1 1 1
S 449.077 26860 1 1 0 200 16350.8 -706.758 917.859 27.3397 1 1 1
S 449.411 26880 1 1 0 200 16359.3 -706.759 934.165 27.3397 1 1 1
S 449.745 26900 1 1 0 200 16367.7 -706.761 950.49 27.3397 1 1 1
S 450.079 26920 1 1 0 200 16376.2 -706.762 966.8 27.3397 1 1 1
S 450.413 26940 1 1 0 200 16384.6 -706.764 983.131 27.3397 1 1 1
S 450.747 26960 1 1 0 201 16393.2 -706.767 999.349 28.1696 1 1 1
S 451.081 26980 1 1 0 201 16401.9 -706.77 1015.54 28.1696 1 1 1
S 451.414 27000 1 1 0 201 16410.5 -706.773 1031.71 28.1696 1 1 1
S 451.748 27020 1 1 0 201 16419.2 -706.777 1047.88 28.1696 1 1 1
S 452.083 27040 1 1 0 201 16427.9 -706.78 1064.1 28.1696 1 1 1
S 452.417 27060 1 1 0 201 16436.6 -706.784 1080.32 28.1696 1 1 1
S 452.754 27080 1 1 0 201 16445.3 -706.787 1096.59 28.1696 1 1 1
S 453.088 27100 1 1 0 201 16454 -706.79 1112.86 28.1696 1 1 1
S 453.422 27120 1 1 0 201 16462.7 -706.794 1129.06 28.1696 1 1 1
S 453.756 27140 1 1 0 201 16471.3 -706.797 1145.22 28.1696 1 1 1
S 454.091 27160 1 1 0 201 16480 -706.801 1161.47 28.1696 1 1 1
S 454.424 27180 1 1 0 201 16488.7 -706.804 1177.64 28.1696 1 1 1
S 454.759 27200 1 1 0 201 16497.4 -706.807 1193.86 28.1696 1 1 1
S 455.093 27220 1 1 0 201 16506 -706.811 1210.05 28.1696 1 1 1
S 455.427 27240 1 1 0 201 16514.7 -706.814 1226.25 28.1696 1 1 1
S 455.761 27260 1 1 0 201 16523.4 -706.818 1242.44 28.1696 1 1 1
S 456.095 27280 1 1 0 201 16532 -706.821 1258.64 28.1696 1 1 1
S 456.429 27300 1 1 0 201 16540.7 -706.824 1274.84 28.1696 1 1 1
S 456.763 27320 1 1 0 201 16549.4 -706.828 1291.05 28.1696 1 1 1
S 457.097 27340 1 1 0 201 16558.1 -706.831 1307.23 28.1696 1 1 1
S 457.431 27360 1 1 0 202 16566.7 -706.835 1323.41 28.4884 1 1 1
S 457.764 27380 1 1 0 202 16575.5 -706.837 1339.53 28.4884 1 1 1
S 458.098 27400 1 1 0 202 16584.2 -706.84 1355.68 28.4884 1 1 1
S 458.434 27420 1 1 0 202 16593.1 -706.843 1371.9 28.4884 1 1 1
S 458.77 27440 1 1 0 202 16601.9 -706.846 1388.13 28.4884 1 1 1
S 459.105 27460 1 1 0 202 16610.7 -706.849 1404.33 28.4884 1 1 1
S 459.439 27480 1 1 0 202 16619.4 -706.852 1420.49 28.4884 1 1 1
S 459.774 27500 1 1 0 202 16628.2 -706.855 1436.67 28.4884 1 1 1
S 460.108 27520 1 1 0 202 16637 -706.858 1452.84 28.4884 1 1 1
S 460.443 27540 1 1 0 202 16645.8 -706.861 1469.01 28.4884 1 1 1
S 460.777 27560 1 1 0 202 16654.5 -706.864 1485.19 28.4884 1 1 1
S 461.111 27580 1 1 0 202 16663.3 -706.867 1501.31 28.4884 1 1 1
S 461.446 27600 1 1 0 202 16672.1 -706.87 1517.49 28.4884 1 1 1
S 461.78 27620 1 1 0 202 16680.8 -706.872 1533.65 28.4884 1 1 1
S 462.114 27640 1 1 0 202 16689.6 -706.875 1549.78 28.4884 1 1 1
S 462.447 27660 1 1 0 202 16698.3 -706.878 1565.89 28.4884 1 1 1
S 462.781 27680 1 1 0 202 16707.1 -706.881 1582.03 28.4884 1 1 1
S 463.115 27700 1 1 0 202 16715.8 -706.884 1598.18 28.4884 1 1 1
S 463.449 27720 1 1 0 202 16724.6 -706.887 1614.32 28.4884 1 1 1
S 463.782 27740 1 1 0 203 16733.2 -707.102 1630.5 28.0222 1 1 1
S 464.116 27760 1 1 0 203 16741.8 -707.331 1646.69 28.0222 1 1 1
S 464.451 27780 1 1 0 203 16750.5 -707.561 1662.96 28.0222 1 1 1
S 464.785 27800 1 1 0 203 16759.1 -707.791 1679.17 28.0222 1 1 1
S 465.119 27820 1 1 0 203 16767.8 -708.02 1695.41 28.0222 1 1 1
S 465.453 27840 1 1 0 203 16776.4 -708.25 1711.63 28.0222 1 1 1
S 465.787 27860 1 1 0 203 16785 -708.479 1727.84 28.0222 1 1 1
S 466.121 27880 1 1 0 203 16793.7 -708.709 1744.06 28.0222 1 1 1
S 466.455 27900 1 1 0 203 16802.3 -708.938 1760.26 28.0222 1 1 1
S 466.788 27920 1 1 0 203 16810.9 -709.167 1776.45 28.0222 1 1 1
S 467.122 27940 1 1 0 203 16819.5 -709.396 1792.65 28.0222 1 1 1
S 467.457 27960 1 1 0 203 16828.2 -709.626 1808.9 28.0222 1 1 1
S 467.792 27980 1 1 0 203 16836.8 -709.856 1825.17 28.0222 1 1 1
S 468.126 28000 1 1 0 203 16845.5 -710.086 1841.4 28.0222 1 1 1
S 468.46 28020 1 1 0 203 16854.1 -710.315 1857.59 28.0222 1 1 1
S 468.794 28040 1 1 0 203 16862.7 -710.544 1873.81 28.0222 1 1 1
S 469.128 28060 1 1 0 203 16871.4 -710.774 1890.03 28.0222 1 1 1
S 469.462 28080 1 1 0 203 16880 -711.003 1906.23 28.0222 1 1 1
S 469.797 28100 1 1 0 204 16888.6 -711.279 1922.53 27.3489 1 1 1
S 470.131 28120 1 1 0 204 16897 -711.805 1938.82 27.3489 1 1 1
S 470.465 28140 1 1 0 204 16905.5 -712.333 1955.15 27.3489 1 1 1
S 470.798 28160 1 1 0 204 16913.9 -712.859 1971.42 27.3489 1 1 1
S 471.133 28180 1 1 0 204 16922.3 -713.387 1987.75 27.3489 1 1 1
S 471.466 28200 1 1 0 204 16930.8 -713.914 2004.04 27.3489 1 1 1
S 471.801 28220 1 1 0 204 16939.2 -714.442 2020.39 27.3489 1 1 1
S 472.136 28240 1 1 0 204 16947.7 -714.971 2036.74 27.3489 1 1 1
S 472.471 28260 1 1 0 204 16956.2 -715.5 2053.12 27.3489 1 1 1
S 472.805 28280 1 1 0 204 16964.6 -716.026 2069.4 27.3489 1 1 1
S 473.139 28300 1 1 0 204 16973 -716.555 2085.74 27.3489 1 1 1
S 473.474 28320 1 1 0 204 16981.5 -717.083 2102.09 27.3489 1 1 1
S 473.808 28340 1 1 0 204 16989.9 -717.61 2118.39 27.3489 1 1 1
S 474.143 28360 1 1 0 204 16998.4 -718.139 2134.74 27.3489 1 1 1
S 474.476 28380 1 1 0 204 17006.8 -718.665 2151.04 27.3489 1 1 1
S 474.811 28400 1 1 0 204 17015.2 -719.193 2167.36 27.3489 1 1 1
S 475.144 28420 1 1 0 204 17023.7 -719.719 2183.64 27.3489 1 1 1
S 475.478 28440 1 1 0 204 17032.1 -720.247 2199.95 27.3489 1 1 1
S 475.812 28460 1 1 0 204 17040.5 -720.773 2216.23 27.3489 1 1 1
S 476.146 28480 1 1 0 204 17049 -721.301 2232.56 27.3489 1 1 1
S 476.48 28500 1 1 0 205 17057.4 -721.888 2248.85 27.3792 1 1 1
S 476.813 28520 1 1 0 205 17065.8 -722.576 2265.13 27.3792 1 1 1
S 477.147 28540 1 1 0 205 17074.3 -723.264 2281.42 27.3792 1 1 1
S 477.48 28560 1 1 0 205 17082.7 -723.952 2297.69 27.3792 1 1 1
S 477.814 28580 1 1 0 205 17091.1 -724.64 2313.97 27.3792 1 1 1
S 478.148 28600 1 1 0 205 17099.6 -725.329 2330.27 27.3792 1 1 1
S 478.484 28620 1 1 0 205 17108.1 -726.021 2346.66 27.3792 1 1 1
S 478.817 28640 1 1 0 205 17116.5 -726.71 2362.95 27.3792 1 1 1
S 479.152 28660 1 1 0 205 17124.9 -727.399 2379.26 27.3792 1 1 1
S 479.485 28680 1 1 0 205 17133.4 -728.087 2395.53 27.3792 1 1 1
S 479.819 28700 1 1 0 205 17141.8 -728.775 2411.82 27.3792 1 1 1
S 480.153 28720 1 1 0 205 17150.2 -729.464 2428.12 27.3792 1 1 1
S 480.486 28740 1 1 0 205 17158.7 -730.152 2444.39 27.3792 1 1 1
S 480.82 28760 1 1 0 205 17167.1 -730.84 2460.68 27.3792 1 1 1
S 481.154 28780 1 1 0 205 17175.5 -731.529 2476.98 27.3792 1 1 1
S 481.487 28800 1 1 0 205 17184 -732.216 2493.25 27.3792 1 1 1
S 481.821 28820 1 1 0 205 17192.4 -732.904 2509.52 27.3792 1 1 1
S 482.155 28840 1 1 0 205 17200.8 -733.593 2525.82 27.3792 1 1 1
S 482.489 28860 1 1 0 205 17209.3 -734.282 2542.14 27.3792 1 1 1
S 482.823 28880 1 1 0 206 17218 -734.923 2558.28 28.7179 1 1 1
S 483.157 28900 1 1 0 206 17226.9 -735.551 2574.39 28.7179 1 1 1
S 483.491 28920 1 1 0 206 17235.7 -736.178 2590.47 28.7179 1 1 1
S 483.824 28940 1 1 0 206 17244.5 -736.805 2606.54 28.7179 1 1 1
S 484.16 28960 1 1 0 206 17253.3 -737.435 2622.71 28.7179 1 1 1
S 484.494 28980 1 1 0 206 17262.2 -738.064 2638.83 28.7179 1 1 1
S 484.827 29000 1 1 0 206 17271 -738.691 2654.9 28.7179 1 1 1
S 485.161 29020 1 1 0 206 17279.8 -739.319 2671.01 28.7179 1 1 1
S 485.496 29040 1 1 0 206 17288.6 -739.947 2687.12 28.7179 1 1 1
S 485.83 29060 1 1 0 206 17297.4 -740.575 2703.2 28.7179 1 1 1
S 486.164 29080 1 1 0 206 17306.3 -741.203 2719.32 28.7179 1 1 1
S 486.498 29100 1 1 0 206 17315.1 -741.832 2735.45 28.7179 1 1 1
S 486.832 29120 1 1 0 206 17323.9 -742.459 2751.52 28.7179 1 1 1
S 487.165 29140 1 1 0 206 17332.7 -743.087 2767.62 28.7179 1 1 1
S 487.502 29160 1 1 0 206 17341.6 -743.719 2783.82 28.7179 1 1 1
S 487.836 29180 1 1 0 206 17350.4 -744.346 2799.91 28.7179 1 1 1
S 488.169 29200 1 1 0 206 17359.2 -744.974 2816 28.7179 1 1 1
S 488.503 29220 1 1 0 207 17368.1 -745.542 2832.07 28.9291 1 1 1
S 488.836 29240 1 1 0 207 17376.9 -746.019 2848.12 28.9291 1 1 1
S 489.171 29260 1 1 0 207 17385.8 -746.497 2864.21 28.9291 1 1 1
S 489.505 29280 1 1 0 207 17394.7 -746.976 2880.32 28.9291 1 1 1
S 489.84 29300 1 1 0 207 17403.6 -747.454 2896.4 28.9291 1 1 1
S 490.176 29320 1 1 0 207 17412.6 -747.934 2912.57 28.9291 1 1 1
S 490.512 29340 1 1 0 207 17421.5 -748.416 2928.77 28.9291 1 1 1
S 490.846 29360 1 1 0 207 17430.4 -748.893 2944.82 28.9291 1 1 1
S 491.18 29380 1 1 0 207 17439.3 -749.371 2960.89 28.9291 1 1 1
S 491.513 29400 1 1 0 207 17448.1 -749.847 2976.93 28.9291 1 1 1
S 491.847 29420 1 1 0 207 17457 -750.324 2992.98 28.9291 1 1 1
S 492.18 29440 1 1 0 207 17465.9 -750.802 3009.04 28.9291 1 1 1
S 492.516 29460 1 1 0 207 17474.8 -751.281 3025.18 28.9291 1 1 1
S 492.851 29480 1 1 0 207 17483.7 -751.761 3041.3 28.9291 1 1 1
S 493.186 29500 1 1 0 207 17492.6 -752.24 3057.42 28.9291 1 1 1
S 493.52 29520 1 1 0 207 17501.5 -752.717 3073.48 28.9291 1 1 1
S 493.854 29540 1 1 0 207 17510.4 -753.195 3089.56 28.9291 1 1 1
S 494.189 29560 1 1 0 207 17519.3 -753.674 3105.69 28.9291 1 1 1
S 494.524 29580 1 1 0 208 17528 -754.222 3121.9 28.1791 1 1 1
S 494.858 29600 1 1 0 208 17536.7 -754.782 3138.11 28.1791 1 1 1
S 495.192 29620 1 1 0 208 17545.4 -755.34 3154.28 28.1791 1 1 1
S 495.526 29640 1 1 0 208 17554 -755.899 3170.46 28.1791 1 1 1
S 495.861 29660 1 1 0 208 17562.7 -756.459 3186.69 28.1791 1 1 1
S 496.194 29680 1 1 0 208 17571.4 -757.017 3202.85 28.1791 1 1 1
S 496.528 29700 1 1 0 208 17580.1 -757.576 3219.03 28.1791 1 1 1
S 496.863 29720 1 1 0 208 17588.8 -758.136 3235.27 28.1791 1 1 1
S 497.197 29740 1 1 0 208 17597.4 -758.694 3251.42 28.1791 1 1 1
S 497.532 29760 1 1 0 208 17606.1 -759.255 3267.67 28.1791 1 1 1
S 497.868 29780 1 1 0 208 17614.8 -759.816 3283.9 28.1791 1 1 1
S 498.201 29800 1 1 0 208 17623.5 -760.375 3300.1 28.1791 1 1 1
S 498.535 29820 1 1 0 208 17632.1 -760.933 3316.26 28.1791 1 1 1
S 498.868 29840 1 1 0 208 17640.8 -761.492 3332.44 28.1791 1 1 1
S 499.202 29860 1 1 0 208 17649.5 -762.05 3348.61 28.1791 1 1 1
S 499.536 29880 1 1 0 208 17658.1 -762.608 3364.78 28.1791 1 1 1
S 499.869 29900 1 1 0 208 17666.8 -763.167 3380.95 28.1791 1 1 1
S 500.205 29920 1 1 0 208 17675.5 -763.724 3397.1 28.1791 1 1 1
S 500.537 29940 1 1 0 209 17684.2 -764.211 3413.25 28.6697 1 1 1
S 500.871 29960 1 1 0 209 17693 -764.623 3429.36 28.6697 1 1 1
S 501.206 29980 1 1 0 209 17701.8 -765.038 3445.53 28.6697 1 1 1
S 501.541 30000 1 1 0 209 17710.7 -765.452 3461.69 28.6697 1 1 1
S 501.875 30020 1 1 0 209 17719.5 -765.866 3477.82 28.6697 1 1 1
S 502.21 30040 1 1 0 209 17728.3 -766.28 3493.96 28.6697 1 1 1
S 502.543 30060 1 1 0 209 17737.1 -766.692 3510.06 28.6697 1 1 1
S 502.877 30080 1 1 0 209 17745.9 -767.106 3526.17 28.6697 1 1 1
S 503.213 30100 1 1 0 209 17754.8 -767.52 3542.34 28.6697 1 1 1
S 503.546 30120 1 1 0 209 17763.6 -767.933 3558.44 28.6697 1 1 1
S 503.881 30140 1 1 0 209 17772.4 -768.347 3574.6 28.6697 1 1 1
S 504.215 30160 1 1 0 209 17781.2 -768.76 3590.7 28.6697 1 1 1
S 504.551 30180 1 1 0 209 17790.1 -769.176 3606.92 28.6697 1 1 1
S 504.885 30200 1 1 0 209 17798.9 -769.588 3623.01 28.6697 1 1 1
S 505.218 30220 1 1 0 209 17807.7 -770.001 3639.11 28.6697 1 1 1
S 505.553 30240 1 1 0 209 17816.5 -770.415 3655.25 28.6697 1 1 1
S 505.889 30260 1 1 0 209 17825.4 -770.83 3671.45 28.6697 1 1 1
S 506.223 30280 1 1 0 209 17834.2 -771.244 3687.59 28.6697 1 1 1
S 506.558 30300 1 1 0 209 17843 -771.658 3703.72 28.6697 1 1 1
S 506.893 30320 1 1 0 210 17851.8 -771.995 3719.89 28.4278 1 1 1
S 507.227 30340 1 1 0 210 17860.6 -772.095 3736.09 28.4278 1 1 1
S 507.561 30360 1 1 0 210 17869.3 -772.194 3752.22 28.4278 1 1 1
S 507.895 30380 1 1 0 210 17878.1 -772.293 3768.38 28.4278 1 1 1
S 508.229 30400 1 1 0 210 17886.8 -772.393 3784.53 28.4278 1 1 1
S 508.563 30420 1 1 0 210 17895.6 -772.492 3800.7 28.4278 1 1 1
S 508.897 30440 1 1 0 210 17904.3 -772.591 3816.86 28.4278 1 1 1
S 509.232 30460 1 1 0 210 17913.1 -772.691 3833.03 28.4278 1 1 1
S 509.566 30480 1 1 0 210 17921.8 -772.79 3849.18 28.4278 1 1 1
S 509.9 30500 1 1 0 210 17930.6 -772.89 3865.34 28.4278 1 1 1
S 510.234 30520 1 1 0 210 17939.3 -772.989 3881.49 28.4278 1 1 1
S 510.567 30540 1 1 0 210 17948.1 -773.088 3897.63 28.4278 1 1 1
S 510.901 30560 1 1 0 210 17956.8 -773.187 3913.75 28.4278 1 1 1
S 511.235 30580 1 1 0 210 17965.5 -773.287 3929.9 28.4278 1 1 1
S 511.568 30600 1 1 0 210 17974.3 -773.386 3946.05 28.4278 1 1 1
S 511.903 30620 1 1 0 210 17983 -773.486 3962.22 28.4278 1 1 1
S 512.237 30640 1 1 0 210 17991.8 -773.585 3978.41 28.4278 1 1 1
S 512.572 30660 1 1 0 210 18000.5 -773.685 3994.6 28.4278 1 1 1
S 512.906 30680 1 1 0 210 18009.3 -773.784 4010.73 28.4278 1 1 1
S 513.24 30700 1 1 0 211 18018 -773.818 4026.91 28.3654 1 1 1
S 513.574 30720 1 1 0 211 18026.8 -773.821 4043.08 28.3654 1 1 1
S 513.908 30740 1 1 0 211 18035.5 -773.824 4059.22 28.3654 1 1 1
S 514.241 30760 1 1 0 211 18044.2 -773.827 4075.37 28.3654 1 1 1
S 514.576 30780 1 1 0 211 18052.9 -773.83 4091.55 28.3654 1 1 1
S 514.909 30800 1 1 0 211 18061.6 -773.833 4107.7 28.3654 1 1 1
S 515.243 30820 1 1 0 211 18070.4 -773.836 4123.84 28.3654 1 1 1
S 515.576 30840 1 1 0 211 18079.1 -773.839 4139.98 28.3654 1 1 1
S 515.91 30860 1 1 0 211 18087.8 -773.842 4156.13 28.3654 1 1 1
S 516.244 30880 1 1 0 211 18096.5 -773.845 4172.3 28.3654 1 1 1
S 516.579 30900 1 1 0 211 18105.3 -773.848 4188.48 28.3654 1 1 1
S 516.914 30920 1 1 0 211 18114 -773.851 4204.69 28.3654 1 1 1
S 517.249 30940 1 1 0 211 18122.8 -773.854 4220.9 28.3654 1 1 1
S 517.583 30960 1 1 0 211 18131.5 -773.857 4237.08 28.3654 1 1 1
S 517.918 30980 1 1 0 211 18140.3 -773.86 4253.32 28.3654 1 1 1
S 518.253 31000 1 1 0 211 18149 -773.863 4269.5 28.3654 1 1 1
S 518.587 31020 1 1 0 211 18157.8 -773.866 4285.7 28.3654 1 1 1
S 518.921 31040 1 1 0 212 18166.4 -773.992 4301.91 26.9517 1 1 1
S 519.255 31060 1 1 0 212 18174.7 -774.441 4318.26 26.9517 1 1 1
S 519.589 31080 1 1 0 212 18183 -774.891 4334.65 26.9517 1 1 1
S 519.923 31100 1 1 0 212 18191.3 -775.341 4351.01 26.9517 1 1 1
S 520.257 31120 1 1 0 212 18199.7 -775.79 4367.39 26.9517 1 1 1
S 520.591 31140 1 1 0 212 18208 -776.239 4383.73 26.9517 1 1 1
S 520.928 31160 1 1 0 212 18216.4 -776.692 4400.25 26.9517 1 1 1
S 521.264 31180 1 1 0 212 18224.7 -777.144 4416.69 26.9517 1 1 1
S 521.597 31200 1 1 0 212 18233 -777.593 4433.06 26.9517 1 1 1
S 521.933 31220 1 1 0 212 18241.4 -778.045 4449.5 26.9517 1 1 1
S 522.268 31240 1 1 0 212 18249.8 -778.496 4465.95 26.9517 1 1 1
S 522.602 31260 1 1 0 212 18258.1 -778.946 4482.32 26.9517 1 1 1
S 522.936 31280 1 1 0 212 18266.4 -779.395 4498.7 26.9517 1 1 1
S 523.27 31300 1 1 0 212 18274.8 -779.845 4515.08 26.9517 1 1 1
S 523.607 31320 1 1 0 212 18283.1 -780.298 4531.56 26.9517 1 1 1
S 523.941 31340 1 1 0 212 18291.5 -780.747 4547.93 26.9517 1 1 1
S 524.275 31360 1 1 0 212 18299.8 -781.196 4564.3 26.9517 1 1 1
S 524.61 31380 1 1 0 212 18308.1 -781.648 4580.73 26.9517 1 1 1
S 524.944 31400 1 1 0 212 18316.5 -782.097 4597.11 26.9517 1 1 1
S 525.279 31420 1 1 0 212 18324.8 -782.548 4613.51 26.9517 1 1 1
S 525.614 31440 1 1 0 212 18333.2 -782.998 4629.94 26.9517 1 1 1
S 525.949 31460 1 1 0 213 18340.9 -783.372 4646.67 22.8695 1 1 1
S 526.283 31480 1 1 0 213 18348 -783.676 4663.57 22.8695 1 1 1
S 526.617 31500 1 1 0 213 18355.1 -783.98 4680.49 22.8695 1 1 1
S 526.951 31520 1 1 0 213 18362.3 -784.284 4697.4 22.8695 1 1 1
S 527.284 31540 1 1 0 213 18369.4 -784.588 4714.3 22.8695 1 1 1
S 527.619 31560 1 1 0 213 18376.6 -784.893 4731.27 22.8695 1 1 1
S 527.952 31580 1 1 0 213 18383.7 -785.197 4748.17 22.8695 1 1 1
S 528.288 31600 1 1 0 213 18390.9 -785.503 4765.17 22.8695 1 1 1
S 528.624 31620 1 1 0 213 18398 -785.809 4782.18 22.8695 1 1 1
S 528.958 31640 1 1 0 213 18405.2 -786.113 4799.09 22.8695 1 1 1
S 529.292 31660 1 1 0 213 18412.3 -786.418 4816.02 22.8695 1 1 1
S 529.626 31680 1 1 0 213 18419.5 -786.722 4832.97 22.8695 1 1 1
S 529.96 31700 1 1 0 213 18426.6 -787.026 4849.87 22.8695 1 1 1
S 530.294 31720 1 1 0 213 18433.7 -787.331 4866.84 22.8695 1 1 1
S 530.629 31740 1 1 0 213 18440.9 -787.636 4883.77 22.8695 1 1 1
S 530.965 31760 1 1 0 213 18448 -787.941 4900.75 22.8695 1 1 1
S 531.299 31780 1 1 0 213 18455.2 -788.247 4917.73 22.8695 1 1 1
S 531.634 31800 1 1 0 213 18462.4 -788.552 4934.7 22.8695 1 1 1
S 531.969 31820 1 1 0 213 18469.5 -788.857 4951.66 22.8695 1 1 1
S 532.303 31840 1 1 0 213 18476.7 -789.161 4968.59 22.8695 1 1 1
S 532.639 31860 1 1 0 213 18483.8 -789.468 4985.62 22.8695 1 1 1
S 532.974 31880 1 1 0 213 18491 -789.773 5002.6 22.8695 1 1 1
S 533.307 31900 1 1 0 213 18498.1 -790.077 5019.49 22.8695 1 1 1
S 533.641 31920 1 1 0 213 18505.3 -790.381 5036.4 22.8695 1 1 1
S 533.975 31940 1 1 0 213 18512.4 -790.685 5053.32 22.8695 1 1 1
S 534.308 31960 1 1 0 213 18519.5 -790.989 5070.22 22.8695 1 1 1
S 534.643 31980 1 1 0 213 18526.7 -791.294 5087.17 22.8695 1 1 1
S 534.977 32000 1 1 0 214 18530.9 -791.612 5104.95 9.3308 1 1 1
S 535.311 32020 1 1 0 214 18533.9 -791.935 5123.05 9.3308 1 1 1
S 535.645 32040 1 1 0 214 18536.9 -792.258 5141.19 9.3308 1 1 1
S 535.979 32060 1 1 0 214 18539.8 -792.581 5159.3 9.3308 1 1 1
S 536.313 32080 1 1 0 214 18542.8 -792.904 5177.44 9.3308 1 1 1
S 536.647 32100 1 1 0 214 18545.8 -793.227 5195.56 9.3308 1 1 1
S 536.983 32120 1 1 0 214 18548.8 -793.552 5213.77 9.3308 1 1 1
S 537.317 32140 1 1 0 214 18551.8 -793.876 5231.93 9.3308 1 1 1
S 537.651 32160 1 1 0 214 18554.7 -794.198 5250.03 9.3308 1 1 1
S 537.985 32180 1 1 0 214 18557.7 -794.522 5268.17 9.3308 1 1 1
S 538.32 32200 1 1 0 214 18560.7 -794.846 5286.34 9.3308 1 1 1
S 538.655 32220 1 1 0 214 18563.7 -795.17 5304.5 9.3308 1 1 1
S 538.989 32240 1 1 0 214 18566.7 -795.493 5322.67 9.3308 1 1 1
S 539.324 32260 1 1 0 214 18569.7 -795.817 5340.8 9.3308 1 1 1
S 539.657 32280 1 1 0 214 18572.6 -796.139 5358.89 9.3308 1 1 1
S 539.991 32300 1 1 0 214 18575.6 -796.463 5377.04 9.3308 1 1 1
S 540.327 32320 1 1 0 214 18578.6 -796.788 5395.25 9.3308 1 1 1
S 540.661 32340 1 1 0 214 18581.6 -797.111 5413.37 9.3308 1 1 1
S 540.996 32360 1 1 0 214 18584.6 -797.434 5431.53 9.3308 1 1 1
S 541.33 32380 1 1 0 214 18587.5 -797.758 5449.68 9.3308 1 1 1
S 541.665 32400 1 1 0 214 18590.5 -798.082 5467.83 9.3308 1 1 1
S 541.998 32420 1 1 0 214 18593.5 -798.405 5485.95 9.3308 1 1 1
S 542.333 32440 1 1 0 214 18596.5 -798.728 5504.11 9.3308 1 1 1
S 542.667 32460 1 1 0 214 18599.5 -799.051 5522.21 9.3308 1 1 1
S 543 32480 1 1 0 215 18598.3 -799.532 5539.9 -20.7415 1 1 1
S 543.334 32500 1 1 0 215 18591.8 -800.214 5557.04 -20.7415 1 1 1
S 543.668 32520 1 1 0 215 18585.3 -800.897 5574.2 -20.7415 1 1 1
S 544.003 32540 1 1 0 215 18578.8 -801.582 5591.41 -20.7415 1 1 1
S 544.337 32560 1 1 0 215 18572.3 -802.265 5608.59 -20.7415 1 1 1
S 544.67 32580 1 1 0 215 18565.8 -802.947 5625.73 -20.7415 1 1 1
S 545.004 32600 1 1 0 215 18559.3 -803.629 5642.89 -20.7415 1 1 1
S 545.337 32620 1 1 0 215 18552.8 -804.311 5660.03 -20.7415 1 1 1
S 545.672 32640 1 1 0 215 18546.3 -804.995 5677.21 -20.7415 1 1 1
S 546.005 32660 1 1 0 215 18539.8 -805.677 5694.35 -20.7415 1 1 1
S 546.339 32680 1 1 0 215 18533.3 -806.36 5711.51 -20.7415 1 1 1
S 546.674 32700 1 1 0 215 18526.8 -807.044 5728.72 -20.7415 1 1 1
S 547.009 32720 1 1 0 215 18520.2 -807.729 5745.94 -20.7415 1 1 1
S 547.342 32740 1 1 0 215 18513.8 -808.411 5763.07 -20.7415 1 1 1
S 547.676 32760 1 1 0 215 18507.3 -809.093 5780.23 -20.7415 1 1 1
S 548.01 32780 1 1 0 215 18500.7 -809.777 5797.41 -20.7415 1 1 1
S 548.345 32800 1 1 0 215 18494.2 -810.46 5814.59 -20.7415 1 1 1
S 548.679 32820 1 1 0 215 18487.7 -811.144 5831.78 -20.7415 1 1 1
S 549.013 32840 1 1 0 215 18481.2 -811.827 5848.95 -20.7415 1 1 1
S 549.347 32860 1 1 0 216 18470.8 -812.352 5863.69 -42.5465 1 1 1
S 549.681 32880 1 1 0 216 18458.3 -812.799 5877.23 -42.5465 1 1 1
S 550.016 32900 1 1 0 216 18445.9 -813.246 5890.77 -42.5465 1 1 1
S 550.349 32920 1 1 0 216 18433.5 -813.691 5904.28 -42.5465 1 1 1
S 550.683 32940 1 1 0 216 18421.1 -814.138 5917.81 -42.5465 1 1 1
S 551.017 32960 1 1 0 216 18408.7 -814.584 5931.33 -42.5465 1 1 1
S 551.351 32980 1 1 0 216 18396.3 -815.031 5944.87 -42.5465 1 1 1
S 551.686 33000 1 1 0 216 18383.8 -815.479 5958.44 -42.5465 1 1 1
S 552.022 33020 1 1 0 216 18371.3 -815.928 5972.05 -42.5465 1 1 1
S 552.356 33040 1 1 0 216 18358.9 -816.374 5985.56 -42.5465 1 1 1
S 552.69 33060 1 1 0 216 18346.5 -816.82 5999.09 -42.5465 1 1 1
S 553.023 33080 1 1 0 216 18334.1 -817.266 6012.62 -42.5465 1 1 1
S 553.357 33100 1 1 0 216 18321.7 -817.712 6026.13 -42.5465 1 1 1
S 553.69 33120 1 1 0 216 18309.3 -818.158 6039.63 -42.5465 1 1 1
S 554.024 33140 1 1 0 216 18296.9 -818.604 6053.15 -42.5465 1 1 1
S 554.359 33160 1 1 0 216 18284.4 -819.051 6066.71 -42.5465 1 1 1
S 554.692 33180 1 1 0 216 18272 -819.497 6080.22 -42.5465 1 1 1
S 555.028 33200 1 1 0 217 18257.8 -819.94 6091.65 -58.3583 1 1 1
S 555.361 33220 1 1 0 217 18242.2 -820.376 6101.28 -58.3583 1 1 1
S 555.696 33240 1 1 0 217 18226.6 -820.814 6110.92 -58.3583 1 1 1
S 556.03 33260 1 1 0 217 18210.9 -821.252 6120.59 -58.3583 1 1 1
S 556.365 33280 1 1 0 217 18195.2 -821.69 6130.25 -58.3583 1 1 1
S 556.699 33300 1 1 0 217 18179.6 -822.128 6139.89 -58.3583 1 1 1
S 557.034 33320 1 1 0 217 18163.9 -822.565 6149.53 -58.3583 1 1 1
S 557.368 33340 1 1 0 217 18148.2 -823.003 6159.18 -58.3583 1 1 1
S 557.702 33360 1 1 0 217 18132.6 -823.439 6168.81 -58.3583 1 1 1
S 558.036 33380 1 1 0 217 18117 -823.877 6178.45 -58.3583 1 1 1
S 558.371 33400 1 1 0 217 18101.3 -824.315 6188.11 -58.3583 1 1 1
S 558.706 33420 1 1 0 217 18085.6 -824.753 6197.77 -58.3583 1 1 1
S 559.04 33440 1 1 0 217 18070 -825.19 6207.41 -58.3583 1 1 1
SNAP 559.174 33447 1 1 0 217 18064.5 -825.343 6210.78 -58.3583 1 1 1
S 559.374 33460 1 1 0 217 18054.4 -825.627 6217.03 -58.3583 1 1 1
S 559.708 33480 1 1 0 217 18038.7 -826.063 6226.66 -58.3583 1 1 1
S 560.041 33500 1 1 0 217 18023.1 -826.5 6236.28 -58.3583 1 1 1
S 560.375 33520 1 1 0 217 18007.5 -826.937 6245.92 -58.3583 1 1 1
S 560.709 33540 1 1 0 218 17991.1 -827.35 6254.17 -65.061 1 1 1
S 561.043 33560 1 1 0 218 17974.5 -827.753 6261.91 -65.061 1 1 1
S 561.379 33580 1 1 0 218 17957.7 -828.16 6269.71 -65.061 1 1 1
S 561.714 33600 1 1 0 218 17941 -828.564 6277.46 -65.061 1 1 1
S 562.047 33620 1 1 0 218 17924.4 -828.968 6285.19 -65.061 1 1 1
S 562.381 33640 1 1 0 218 17907.8 -829.371 6292.93 -65.061 1 1 1
S 562.715 33660 1 1 0 218 17891.1 -829.775 6300.67 -65.061 1 1 1
S 563.048 33680 1 1 0 218 17874.5 -830.178 6308.41 -65.061 1 1 1
S 563.382 33700 1 1 0 218 17857.8 -830.582 6316.15 -65.061 1 1 1
S 563.78 33720 1 1 0 218 17838 -831.063 6325.37 -65.061 1 1 1
S 564.114 33740 1 1 0 218 17821.4 -831.466 6333.11 -65.061 1 1 1
S 564.448 33760 1 1 0 218 17804.7 -831.87 6340.85 -65.061 1 1 1
S 564.781 33780 1 1 0 218 17788.1 -832.273 6348.58 -65.061 1 1 1
S 565.116 33800 1 1 0 218 17771.4 -832.678 6356.34 -65.061 1 1 1
S 565.451 33820 1 1 0 218 17754.7 -833.082 6364.1 -65.061 1 1 1
S 565.785 33840 1 1 0 218 17738 -833.487 6371.87 -65.061 1 1 1
S 566.12 33860 1 1 0 218 17721.4 -833.891 6379.61 -65.061 1 1 1
S 566.453 33880 1 1 0 219 17704.7 -834.305 6387.29 -65.5044 1 1 1
S 566.787 33900 1 1 0 219 17688 -834.73 6394.91 -65.5044 1 1 1
S 567.122 33920 1 1 0 219 17671.2 -835.155 6402.53 -65.5044 1 1 1
S 567.456 33940 1 1 0 219 17654.5 -835.58 6410.14 -65.5044 1 1 1
S 567.789 33960 1 1 0 219 17637.9 -836.004 6417.74 -65.5044 1 1 1
S 568.122 33980 1 1 0 219 17621.2 -836.428 6425.34 -65.5044 1 1 1
S 568.457 34000 1 1 0 219 17604.4 -836.853 6432.97 -65.5044 1 1 1
S 568.791 34020 1 1 0 219 17587.7 -837.278 6440.59 -65.5044 1 1 1
S 569.125 34040 1 1 0 219 17571 -837.702 6448.19 -65.5044 1 1 1
S 569.458 34060 1 1 0 219 17554.4 -838.126 6455.79 -65.5044 1 1 1
S 569.792 34080 1 1 0 219 17537.7 -838.55 6463.4 -65.5044 1 1 1
S 570.126 34100 1 1 0 219 17520.9 -838.976 6471.02 -65.5044 1 1 1
S 570.461 34120 1 1 0 219 17504.2 -839.401 6478.65 -65.5044 1 1 1
S 570.794 34140 1 1 0 219 17487.5 -839.826 6486.26 -65.5044 1 1 1
S 571.129 34160 1 1 0 219 17470.7 -840.251 6493.89 -65.5044 1 1 1
S 571.464 34180 1 1 0 219 17454 -840.677 6501.51 -65.5044 1 1 1
S 571.799 34200 1 1 0 220 17437.2 -841.15 6509.13 -66.0273 1 1 1
S 572.132 34220 1 1 0 220 17420.5 -841.903 6516.58 -66.0273 1 1 1
S 572.467 34240 1 1 0 220 17403.6 -842.661 6524.06 -66.0273 1 1 1
S 572.801 34260 1 1 0 220 17386.9 -843.415 6531.51 -66.0273 1 1 1
S 573.135 34280 1 1 0 220 17370.1 -844.169 6538.97 -66.0273 1 1 1
S 573.469 34300 1 1 0 220 17353.3 -844.924 6546.43 -66.0273 1 1 1
S 573.803 34320 1 1 0 220 17336.6 -845.678 6553.88 -66.0273 1 1 1
S 574.137 34340 1 1 0 220 17319.8 -846.433 6561.34 -66.0273 1 1 1
S 574.471 34360 1 1 0 220 17303 -847.188 6568.8 -66.0273 1 1 1
S 574.805 34380 1 1 0 220 17286.3 -847.941 6576.25 -66.0273 1 1 1
S 575.138 34400 1 1 0 220 17269.5 -848.695 6583.69 -66.0273 1 1 1
S 575.471 34420 1 1 0 220 17252.8 -849.448 6591.13 -66.0273 1 1 1
S 575.805 34440 1 1 0 220 17236 -850.203 6598.59 -66.0273 1 1 1
S 576.14 34460 1 1 0 220 17219.2 -850.959 6606.06 -66.0273 1 1 1
S 576.474 34480 1 1 0 220 17202.5 -851.713 6613.52 -66.0273 1 1 1
S 576.809 34500 1 1 0 220 17185.6 -852.471 6621 -66.0273 1 1 1
S 577.143 34520 1 1 0 220 17168.9 -853.226 6628.46 -66.0273 1 1 1
S 577.477 34540 1 1 0 220 17152.1 -853.981 6635.92 -66.0273 1 1 1
S 577.812 34560 1 1 0 221 17135.2 -855.01 6643.14 -66.9614 1 1 1
S 578.147 34580 1 1 0 221 17118.3 -856.058 6650.33 -66.9614 1 1 1
S 578.481 34600 1 1 0 221 17101.4 -857.104 6657.5 -66.9614 1 1 1
S 578.815 34620 1 1 0 221 17084.5 -858.153 6664.69 -66.9614 1 1 1
S 579.149 34640 1 1 0 221 17067.6 -859.2 6671.86 -66.9614 1 1 1
S 579.483 34660 1 1 0 221 17050.7 -860.248 6679.04 -66.9614 1 1 1
S 579.817 34680 1 1 0 221 17033.8 -861.297 6686.23 -66.9614 1 1 1
S 580.153 34700 1 1 0 221 17016.9 -862.348 6693.44 -66.9614 1 1 1
S 580.487 34720 1 1 0 221 17000 -863.397 6700.62 -66.9614 1 1 1
S 580.822 34740 1 1 0 221 16983.1 -864.445 6707.81 -66.9614 1 1 1
S 581.156 34760 1 1 0 221 16966.2 -865.495 6715.01 -66.9614 1 1 1
S 581.49 34780 1 1 0 221 16949.3 -866.541 6722.17 -66.9614 1 1 1
S 581.824 34800 1 1 0 221 16932.4 -867.589 6729.36 -66.9614 1 1 1
S 582.158 34820 1 1 0 221 16915.6 -868.635 6736.53 -66.9614 1 1 1
S 582.493 34840 1 1 0 221 16898.6 -869.686 6743.72 -66.9614 1 1 1
S 582.827 34860 1 1 0 221 16881.7 -870.734 6750.91 -66.9614 1 1 1
S 583.163 34880 1 1 0 221 16864.8 -871.788 6758.13 -66.9614 1 1 1
S 583.497 34900 1 1 0 221 16847.9 -872.835 6765.3 -66.9614 1 1 1
S 583.83 34920 1 1 0 221 16831.1 -873.88 6772.47 -66.9614 1 1 1
S 584.164 34940 1 1 0 221 16814.2 -874.927 6779.65 -66.9614 1 1 1
S 584.498 34960 1 1 0 221 16797.3 -875.974 6786.82 -66.9614 1 1 1
S 584.832 34980 1 1 0 222 16780.2 -877.226 6793.4 -69.4168 1 1 1
S 585.167 35000 1 1 0 222 16763 -878.538 6799.87 -69.4168 1 1 1
S 585.501 35020 1 1 0 222 16745.8 -879.846 6806.32 -69.4168 1 1 1
S 585.835 35040 1 1 0 222 16728.7 -881.154 6812.76 -69.4168 1 1 1
S 586.169 35060 1 1 0 222 16711.5 -882.461 6819.2 -69.4168 1 1 1
S 586.504 35080 1 1 0 222 16694.3 -883.771 6825.66 -69.4168 1 1 1
S 586.838 35100 1 1 0 222 16677.2 -885.078 6832.1 -69.4168 1 1 1
S 587.172 35120 1 1 0 222 16660 -886.386 6838.55 -69.4168 1 1 1
S 587.506 35140 1 1 0 222 16642.9 -887.692 6844.98 -69.4168 1 1 1
S 587.84 35160 1 1 0 222 16625.7 -889 6851.43 -69.4168 1 1 1
S 588.174 35180 1 1 0 222 16608.6 -890.307 6857.87 -69.4168 1 1 1
S 588.509 35200 1 1 0 222 16591.4 -891.617 6864.32 -69.4168 1 1 1
S 588.843 35220 1 1 0 222 16574.2 -892.924 6870.77 -69.4168 1 1 1
S 589.178 35240 1 1 0 222 16557 -894.234 6877.22 -69.4168 1 1 1
S 589.512 35260 1 1 0 222 16539.9 -895.541 6883.66 -69.4168 1 1 1
S 589.846 35280 1 1 0 222 16522.7 -896.848 6890.1 -69.4168 1 1 1
S 590.179 35300 1 1 0 222 16505.6 -898.155 6896.54 -69.4168 1 1 1
S 590.514 35320 1 1 0 222 16488.4 -899.463 6902.99 -69.4168 1 1 1
S 590.847 35340 1 1 0 222 16471.3 -900.768 6909.42 -69.4168 1 1 1
S 591.181 35360 1 1 0 222 16454.1 -902.075 6915.86 -69.4168 1 1 1
S 591.516 35380 1 1 0 222 16437 -903.384 6922.31 -69.4168 1 1 1
S 591.85 35400 1 1 0 223 16419.5 -904.776 6927.68 -75.4522 1 1 1
S 592.184 35420 1 1 0 223 16401.8 -906.221 6932.28 -75.4522 1 1 1
S 592.517 35440 1 1 0 223 16384.1 -907.666 6936.87 -75.4522 1 1 1
S 592.851 35460 1 1 0 223 16366.3 -909.113 6941.47 -75.4522 1 1 1
S 593.185 35480 1 1 0 223 16348.6 -910.56 6946.06 -75.4522 1 1 1
S 593.518 35500 1 1 0 223 16330.9 -912.006 6950.66 -75.4522 1 1 1
S 593.853 35520 1 1 0 223 16313.2 -913.455 6955.26 -75.4522 1 1 1
S 594.187 35540 1 1 0 223 16295.4 -914.903 6959.87 -75.4522 1 1 1
S 594.521 35560 1 1 0 223 16277.7 -916.351 6964.47 -75.4522 1 1 1
S 594.855 35580 1 1 0 223 16260 -917.8 6969.07 -75.4522 1 1 1
